RespId     	Model Name               	Context	Temp	Duration	Date Time	Eval Tokens	UPC	Model User Prompt	Eval Duration	Prompt Eval Tokens	Tokens Per Second	SysPmtCd	Model SYstem Prompt	Web Search	Docs	Web Search URL	CPU_GPU	RAM	OS	Computer	Server	Response File
a11_t041.01	 qwen2:0.5b               	16000	 0.3	   8.76	  2025-04-15 08:20	  500	KP0	Summarize the key events...	   6.88	    30	 72.66	GKN1-SIMP	Please use the informati...			0 Sources, 0 bytes	Apple M1	8	Sonoma v15.2	Apple Mac Mini (2022)	rm231d-os15_Robins-Mac-mini (10.0.0.37)	file:////Users/Shared/Repos/AIDocs_test1/./docs/a11_search-app/25.04.Apr/_t041_qwen2;0.5b_1,1-test on rm231d/a11_t041.01.4.50415.0820_Response.txt
a11_t041.01	 qwen2:0.5b               	16000	 0.3	   7.99	  2025-04-15 08:20	  548	KP0	Summarize the key events...	   7.66	    30	 71.56	GKN1-SIMP	Please use the informati...			0 Sources, 0 bytes	Apple M1	8	Sonoma v15.2	Apple Mac Mini (2022)	rm231d-os15_Robins-Mac-mini (10.0.0.37)	file:////Users/Shared/Repos/AIDocs_test1/./docs/a11_search-app/25.04.Apr/_t041_qwen2;0.5b_1,1-test on rm231d/a11_t041.01.4.50415.0820_Response.txt
a11_t041.01	 qwen2:0.5b               	16000	 0.3	  10.60	  2025-04-15 08:21	  724	KP0	Summarize the key events...	  10.35	    30	 69.98	GKN1-SIMP	Please use the informati...			0 Sources, 0 bytes	Apple M1	8	Sonoma v15.2	Apple Mac Mini (2022)	rm231d-os15_Robins-Mac-mini (10.0.0.37)	file:////Users/Shared/Repos/AIDocs_test1/./docs/a11_search-app/25.04.Apr/_t041_qwen2;0.5b_1,1-test on rm231d/a11_t041.01.4.50415.0821_Response.txt
a11_t041.01	 qwen2:0.5b               	16000	 0.3	  11.59	  2025-04-15 08:22	  775	KP0	Summarize the key events...	  11.19	    30	 69.29	GKN1-SIMP	Please use the informati...			0 Sources, 0 bytes	Apple M1	8	Sonoma v15.2	Apple Mac Mini (2022)	rm231d-os15_Robins-Mac-mini (10.0.0.37)	file:////Users/Shared/Repos/AIDocs_test1/./docs/a11_search-app/25.04.Apr/_t041_qwen2;0.5b_1,1-test on rm231d/a11_t041.01.4.50415.0822_Response.txt
a11_t041.01	 qwen2:0.5b               	16000	 0.3	   5.43	  2025-04-15 08:23	  369	KP0	Summarize the key events...	   5.12	    30	 72.10	GKN1-SIMP	Please use the informati...			0 Sources, 0 bytes	Apple M1	8	Sonoma v15.2	Apple Mac Mini (2022)	rm231d-os15_Robins-Mac-mini (10.0.0.37)	file:////Users/Shared/Repos/AIDocs_test1/./docs/a11_search-app/25.04.Apr/_t041_qwen2;0.5b_1,1-test on rm231d/a11_t041.01.4.50415.0823_Response.txt
a11_t041.01	 qwen2:0.5b               	16000	 0.3	   0.57	  2025-04-15 08:24	   22	KP0	Summarize the key events...	   0.23	    30	 96.90	GKN1-SIMP	Please use the informati...			0 Sources, 0 bytes	Apple M1	8	Sonoma v15.2	Apple Mac Mini (2022)	rm231d-os15_Robins-Mac-mini (10.0.0.37)	file:////Users/Shared/Repos/AIDocs_test1/./docs/a11_search-app/25.04.Apr/_t041_qwen2;0.5b_1,1-test on rm231d/a11_t041.01.4.50415.0824_Response.txt
a11_t041.01	 qwen2:0.5b               	16000	 0.3	   6.40	  2025-04-15 08:24	  441	KP0	Summarize the key events...	   6.05	    30	 72.85	GKN1-SIMP	Please use the informati...			0 Sources, 0 bytes	Apple M1	8	Sonoma v15.2	Apple Mac Mini (2022)	rm231d-os15_Robins-Mac-mini (10.0.0.37)	file:////Users/Shared/Repos/AIDocs_test1/./docs/a11_search-app/25.04.Apr/_t041_qwen2;0.5b_1,1-test on rm231d/a11_t041.01.4.50415.0824_Response.txt
a11_t041.01	 qwen2:0.5b               	16000	 0.3	   0.98	  2025-04-15 08:25	   55	KP0	Summarize the key events...	   0.64	    30	 85.30	GKN1-SIMP	Please use the informati...			0 Sources, 0 bytes	Apple M1	8	Sonoma v15.2	Apple Mac Mini (2022)	rm231d-os15_Robins-Mac-mini (10.0.0.37)	file:////Users/Shared/Repos/AIDocs_test1/./docs/a11_search-app/25.04.Apr/_t041_qwen2;0.5b_1,1-test on rm231d/a11_t041.01.4.50415.0825_Response.txt
a11_t041.01	 qwen2:0.5b               	16000	 0.3	   4.21	  2025-04-15 08:25	  286	KP0	Summarize the key events...	   3.90	    30	 73.30	GKN1-SIMP	Please use the informati...			0 Sources, 0 bytes	Apple M1	8	Sonoma v15.2	Apple Mac Mini (2022)	rm231d-os15_Robins-Mac-mini (10.0.0.37)	file:////Users/Shared/Repos/AIDocs_test1/./docs/a11_search-app/25.04.Apr/_t041_qwen2;0.5b_1,1-test on rm231d/a11_t041.01.4.50415.0825_Response.txt
a11_t041.01	 qwen2:0.5b               	 8000	 0.3	  11.31	  2025-04-15 09:15	  711	KP0	Summarize the key events...	  10.12	    59	 70.23	GKN1-SIMP	You are a helpful and in...			0 Sources, 0 bytes	Apple M1	8	Sonoma v15.2	Apple Mac Mini (2022)	rm231d-os15_Robins-Mac-mini (10.0.0.37)	file:////Users/Shared/Repos/AIDocs_test1/./docs/a11_search-app/25.04.Apr/_t041_qwen2;0.5b_4,1-test on rm231d/a11_t041.01.4.50415.0915_Response.txt
a11_t042.01	 qwen2:0.5b               	16000	 0.6	   7.94	  2025-04-15 09:15	  468	KP0	Summarize the key events...	   6.50	    59	 72.03	GKN2-SIMP	You are a helpful and in...			0 Sources, 0 bytes	Apple M1	8	Sonoma v15.2	Apple Mac Mini (2022)	rm231d-os15_Robins-Mac-mini (10.0.0.37)	file:////Users/Shared/Repos/AIDocs_test1/./docs/a11_search-app/25.04.Apr/_t041_qwen2;0.5b_4,1-test on rm231d/a11_t042.01.4.50415.0915_Response.txt
a11_t043.01	 qwen2:0.5b               	32000	 0.9	   9.19	  2025-04-15 09:15	  602	KP0	Summarize the key events...	   8.29	    59	 72.58	GKN3-SIMP	You are a helpful and in...			0 Sources, 0 bytes	Apple M1	8	Sonoma v15.2	Apple Mac Mini (2022)	rm231d-os15_Robins-Mac-mini (10.0.0.37)	file:////Users/Shared/Repos/AIDocs_test1/./docs/a11_search-app/25.04.Apr/_t041_qwen2;0.5b_4,1-test on rm231d/a11_t043.01.4.50415.0915_Response.txt
a11_t044.01	 qwen2:0.5b               	 6000	 0.3	   9.86	  2025-04-15 09:15	  635	KP0	Summarize the key events...	   8.96	    75	 70.86	GKN4-DETA	You are a knowledgeable ...			0 Sources, 0 bytes	Apple M1	8	Sonoma v15.2	Apple Mac Mini (2022)	rm231d-os15_Robins-Mac-mini (10.0.0.37)	file:////Users/Shared/Repos/AIDocs_test1/./docs/a11_search-app/25.04.Apr/_t041_qwen2;0.5b_4,1-test on rm231d/a11_t044.01.4.50415.0915_Response.txt
a11_t041.01	 qwen2:0.5b               	 8000	 0.3	  13.30	  2025-04-15 09:16	  864	KP0	Summarize the key events...	  12.41	    59	 69.65	GKN1-SIMP	You are a helpful and in...			0 Sources, 0 bytes	Apple M1	8	Sonoma v15.2	Apple Mac Mini (2022)	rm231d-os15_Robins-Mac-mini (10.0.0.37)	file:////Users/Shared/Repos/AIDocs_test1/./docs/a11_search-app/25.04.Apr/_t041_qwen2;0.5b_4,1-test on rm231d/a11_t041.01.4.50415.0916_Response.txt
a11_t042.01	 qwen2:0.5b               	16000	 0.6	  14.31	  2025-04-15 09:16	  877	KP0	Summarize the key events...	  12.93	    59	 67.80	GKN2-SIMP	You are a helpful and in...			0 Sources, 0 bytes	Apple M1	8	Sonoma v15.2	Apple Mac Mini (2022)	rm231d-os15_Robins-Mac-mini (10.0.0.37)	file:////Users/Shared/Repos/AIDocs_test1/./docs/a11_search-app/25.04.Apr/_t041_qwen2;0.5b_4,1-test on rm231d/a11_t042.01.4.50415.0916_Response.txt
a11_t043.01	 qwen2:0.5b               	32000	 0.9	   8.30	  2025-04-15 09:17	  539	KP0	Summarize the key events...	   7.40	    59	 72.86	GKN3-SIMP	You are a helpful and in...			0 Sources, 0 bytes	Apple M1	8	Sonoma v15.2	Apple Mac Mini (2022)	rm231d-os15_Robins-Mac-mini (10.0.0.37)	file:////Users/Shared/Repos/AIDocs_test1/./docs/a11_search-app/25.04.Apr/_t041_qwen2;0.5b_4,1-test on rm231d/a11_t043.01.4.50415.0916_Response.txt
a11_t044.01	 qwen2:0.5b               	 6000	 0.3	   1.50	  2025-04-15 09:17	   50	KP0	Summarize the key events...	   0.60	    75	 83.66	GKN4-DETA	You are a knowledgeable ...			0 Sources, 0 bytes	Apple M1	8	Sonoma v15.2	Apple Mac Mini (2022)	rm231d-os15_Robins-Mac-mini (10.0.0.37)	file:////Users/Shared/Repos/AIDocs_test1/./docs/a11_search-app/25.04.Apr/_t041_qwen2;0.5b_4,1-test on rm231d/a11_t044.01.4.50415.0916_Response.txt
a11_t041.01	 qwen2:0.5b               	 8000	 0.3	   1.42	  2025-04-15 09:23	   34	KP0	Summarize the key events...	   0.42	    59	 81.24	GKN1-SIMP	You are a helpful and in...			0 Sources, 0 bytes	Apple M1	8	Sonoma v15.2	Apple Mac Mini (2022)	rm231d-os15_Robins-Mac-mini (10.0.0.37)	file:////Users/Shared/Repos/AIDocs_test1/./docs/a11_search-app/25.04.Apr/_t041_qwen2;0.5b_4,1-test on rm231d/a11_t041.01.4.50415.0923_Response.txt
a11_t041.01	 qwen2:0.5b               	 8000	 0.3	   1.36	  2025-04-15 09:46	   19	KP0	Summarize the key events...	   0.23	    59	 84.19	GKN1-SIMP	You are a helpful and in...			0 Sources, 0 bytes	Apple M1	8	Sonoma v15.2	Apple Mac Mini (2022)	rm231d-os15_Robins-Mac-mini (10.0.0.37)	file:////Users/Shared/Repos/AIDocs_test1/./docs/a11_search-app/25.04.Apr/_t041_qwen2;0.5b_4,1-test on rm231d/a11_t041.01.4.50415.0946_Response.txt
a11_t042.01	 qwen2:0.5b               	16000	 0.6	   1.79	  2025-04-15 09:46	   23	KP0	Summarize the key events...	   0.24	    59	 96.67	GKN2-SIMP	You are a helpful and in...			0 Sources, 0 bytes	Apple M1	8	Sonoma v15.2	Apple Mac Mini (2022)	rm231d-os15_Robins-Mac-mini (10.0.0.37)	file:////Users/Shared/Repos/AIDocs_test1/./docs/a11_search-app/25.04.Apr/_t041_qwen2;0.5b_4,1-test on rm231d/a11_t042.01.4.50415.0946_Response.txt
a11_t043.01	 qwen2:0.5b               	32000	 0.9	   9.14	  2025-04-15 09:46	  595	KP0	Summarize the key events...	   8.22	    59	 72.42	GKN3-SIMP	You are a helpful and in...			0 Sources, 0 bytes	Apple M1	8	Sonoma v15.2	Apple Mac Mini (2022)	rm231d-os15_Robins-Mac-mini (10.0.0.37)	file:////Users/Shared/Repos/AIDocs_test1/./docs/a11_search-app/25.04.Apr/_t041_qwen2;0.5b_4,1-test on rm231d/a11_t043.01.4.50415.0946_Response.txt
a11_t044.01	 qwen2:0.5b               	 6000	 0.3	   8.50	  2025-04-15 09:46	  541	KP0	Summarize the key events...	   7.59	    75	 71.29	GKN4-DETA	You are a knowledgeable ...			0 Sources, 0 bytes	Apple M1	8	Sonoma v15.2	Apple Mac Mini (2022)	rm231d-os15_Robins-Mac-mini (10.0.0.37)	file:////Users/Shared/Repos/AIDocs_test1/./docs/a11_search-app/25.04.Apr/_t041_qwen2;0.5b_4,1-test on rm231d/a11_t044.01.4.50415.0946_Response.txt
a11_t041.01	 qwen2:0.5b               	 8000	 0.3	   6.29	  2025-04-15 09:47	  394	KP0	Summarize the key events...	   5.39	    59	 73.03	GKN1-SIMP	You are a helpful and in...			0 Sources, 0 bytes	Apple M1	8	Sonoma v15.2	Apple Mac Mini (2022)	rm231d-os15_Robins-Mac-mini (10.0.0.37)	file:////Users/Shared/Repos/AIDocs_test1/./docs/a11_search-app/25.04.Apr/_t041_qwen2;0.5b_4,1-test on rm231d/a11_t041.01.4.50415.0947_Response.txt
a11_t042.01	 qwen2:0.5b               	16000	 0.6	   1.43	  2025-04-15 09:47	   20	KP0	Summarize the key events...	   0.20	    59	100.02	GKN2-SIMP	You are a helpful and in...			0 Sources, 0 bytes	Apple M1	8	Sonoma v15.2	Apple Mac Mini (2022)	rm231d-os15_Robins-Mac-mini (10.0.0.37)	file:////Users/Shared/Repos/AIDocs_test1/./docs/a11_search-app/25.04.Apr/_t041_qwen2;0.5b_4,1-test on rm231d/a11_t042.01.4.50415.0947_Response.txt
a11_t043.01	 qwen2:0.5b               	32000	 0.9	  12.28	  2025-04-15 09:47	  790	KP0	Summarize the key events...	  11.37	    59	 69.46	GKN3-SIMP	You are a helpful and in...			0 Sources, 0 bytes	Apple M1	8	Sonoma v15.2	Apple Mac Mini (2022)	rm231d-os15_Robins-Mac-mini (10.0.0.37)	file:////Users/Shared/Repos/AIDocs_test1/./docs/a11_search-app/25.04.Apr/_t041_qwen2;0.5b_4,1-test on rm231d/a11_t043.01.4.50415.0947_Response.txt
a11_t044.01	 qwen2:0.5b               	 6000	 0.3	   9.24	  2025-04-15 09:47	  596	KP0	Summarize the key events...	   8.34	    75	 71.45	GKN4-DETA	You are a knowledgeable ...			0 Sources, 0 bytes	Apple M1	8	Sonoma v15.2	Apple Mac Mini (2022)	rm231d-os15_Robins-Mac-mini (10.0.0.37)	file:////Users/Shared/Repos/AIDocs_test1/./docs/a11_search-app/25.04.Apr/_t041_qwen2;0.5b_4,1-test on rm231d/a11_t044.01.4.50415.0947_Response.txt
a11_t041.01	 qwen2:0.5b               	 8000	 0.3	  11.88	  2025-04-15 09:51	  747	KP0	Summarize the key events...	  10.61	    59	 70.41	GKN1-SIMP	You are a helpful and in...			0 Sources, 0 bytes	Apple M1	8	Sonoma v15.2	Apple Mac Mini (2022)	rm231d-os15_Robins-Mac-mini (10.0.0.37)	file:////Users/Shared/Repos/AIDocs_test1/./docs/a11_search-app/25.04.Apr/_t041_qwen2;0.5b_4,1-test on rm231d/a11_t041.01.4.50415.0951_Response.txt
a11_t042.01	 qwen2:0.5b               	16000	 0.6	  10.41	  2025-04-15 09:51	  620	KP0	Summarize the key events...	   8.90	    59	 69.68	GKN2-SIMP	You are a helpful and in...			0 Sources, 0 bytes	Apple M1	8	Sonoma v15.2	Apple Mac Mini (2022)	rm231d-os15_Robins-Mac-mini (10.0.0.37)	file:////Users/Shared/Repos/AIDocs_test1/./docs/a11_search-app/25.04.Apr/_t041_qwen2;0.5b_4,1-test on rm231d/a11_t042.01.4.50415.0951_Response.txt
a11_t043.01	 qwen2:0.5b               	32000	 0.9	   8.37	  2025-04-15 09:52	  543	KP0	Summarize the key events...	   7.47	    59	 72.70	GKN3-SIMP	You are a helpful and in...			0 Sources, 0 bytes	Apple M1	8	Sonoma v15.2	Apple Mac Mini (2022)	rm231d-os15_Robins-Mac-mini (10.0.0.37)	file:////Users/Shared/Repos/AIDocs_test1/./docs/a11_search-app/25.04.Apr/_t041_qwen2;0.5b_4,1-test on rm231d/a11_t043.01.4.50415.0951_Response.txt
a11_t044.01	 qwen2:0.5b               	 6000	 0.3	   9.07	  2025-04-15 09:52	  587	KP0	Summarize the key events...	   8.17	    75	 71.85	GKN4-DETA	You are a knowledgeable ...			0 Sources, 0 bytes	Apple M1	8	Sonoma v15.2	Apple Mac Mini (2022)	rm231d-os15_Robins-Mac-mini (10.0.0.37)	file:////Users/Shared/Repos/AIDocs_test1/./docs/a11_search-app/25.04.Apr/_t041_qwen2;0.5b_4,1-test on rm231d/a11_t044.01.4.50415.0951_Response.txt
a11_t041.01	 qwen2:0.5b               	 8000	 0.3	   8.02	  2025-04-15 09:53	  517	KP0	Summarize the key events...	   7.13	    59	 72.51	GKN1-SIMP	You are a helpful and in...			0 Sources, 0 bytes	Apple M1	8	Sonoma v15.2	Apple Mac Mini (2022)	rm231d-os15_Robins-Mac-mini (10.0.0.37)	file:////Users/Shared/Repos/AIDocs_test1/./docs/a11_search-app/25.04.Apr/_t041_qwen2;0.5b_4,1-test on rm231d/a11_t041.01.4.50415.0953_Response.txt
a11_t042.01	 qwen2:0.5b               	16000	 0.6	   7.05	  2025-04-15 09:53	  423	KP0	Summarize the key events...	   5.82	    59	 72.73	GKN2-SIMP	You are a helpful and in...			0 Sources, 0 bytes	Apple M1	8	Sonoma v15.2	Apple Mac Mini (2022)	rm231d-os15_Robins-Mac-mini (10.0.0.37)	file:////Users/Shared/Repos/AIDocs_test1/./docs/a11_search-app/25.04.Apr/_t041_qwen2;0.5b_4,1-test on rm231d/a11_t042.01.4.50415.0953_Response.txt
a11_t043.01	 qwen2:0.5b               	32000	 0.9	   7.25	  2025-04-15 09:53	  464	KP0	Summarize the key events...	   6.35	    59	 73.12	GKN3-SIMP	You are a helpful and in...			0 Sources, 0 bytes	Apple M1	8	Sonoma v15.2	Apple Mac Mini (2022)	rm231d-os15_Robins-Mac-mini (10.0.0.37)	file:////Users/Shared/Repos/AIDocs_test1/./docs/a11_search-app/25.04.Apr/_t041_qwen2;0.5b_4,1-test on rm231d/a11_t043.01.4.50415.0953_Response.txt
a11_t044.01	 qwen2:0.5b               	 6000	 0.3	   7.66	  2025-04-15 09:53	  494	KP0	Summarize the key events...	   6.75	    75	 73.13	GKN4-DETA	You are a knowledgeable ...			0 Sources, 0 bytes	Apple M1	8	Sonoma v15.2	Apple Mac Mini (2022)	rm231d-os15_Robins-Mac-mini (10.0.0.37)	file:////Users/Shared/Repos/AIDocs_test1/./docs/a11_search-app/25.04.Apr/_t041_qwen2;0.5b_4,1-test on rm231d/a11_t044.01.4.50415.0953_Response.txt
a11_t041.01	 qwen2:0.5b               	 8000	 0.3	   7.99	  2025-04-15 09:54	  518	KP0	Summarize the key events...	   7.08	    59	 73.19	GKN1-SIMP	You are a helpful and in...			0 Sources, 0 bytes	Apple M1	8	Sonoma v15.2	Apple Mac Mini (2022)	rm231d-os15_Robins-Mac-mini (10.0.0.37)	file:////Users/Shared/Repos/AIDocs_test1/./docs/a11_search-app/25.04.Apr/_t041_qwen2;0.5b_4,1-test on rm231d/a11_t041.01.4.50415.0954_Response.txt
a11_t042.01	 qwen2:0.5b               	16000	 0.6	  14.94	  2025-04-15 09:54	  926	KP0	Summarize the key events...	  13.58	    59	 68.18	GKN2-SIMP	You are a helpful and in...			0 Sources, 0 bytes	Apple M1	8	Sonoma v15.2	Apple Mac Mini (2022)	rm231d-os15_Robins-Mac-mini (10.0.0.37)	file:////Users/Shared/Repos/AIDocs_test1/./docs/a11_search-app/25.04.Apr/_t041_qwen2;0.5b_4,1-test on rm231d/a11_t042.01.4.50415.0954_Response.txt
a11_t043.01	 qwen2:0.5b               	32000	 0.9	  10.84	  2025-04-15 09:55	  709	KP0	Summarize the key events...	   9.94	    59	 71.30	GKN3-SIMP	You are a helpful and in...			0 Sources, 0 bytes	Apple M1	8	Sonoma v15.2	Apple Mac Mini (2022)	rm231d-os15_Robins-Mac-mini (10.0.0.37)	file:////Users/Shared/Repos/AIDocs_test1/./docs/a11_search-app/25.04.Apr/_t041_qwen2;0.5b_4,1-test on rm231d/a11_t043.01.4.50415.0954_Response.txt
a11_t044.01	 qwen2:0.5b               	 6000	 0.3	  13.67	  2025-04-15 09:55	  894	KP0	Summarize the key events...	  12.77	    75	 69.99	GKN4-DETA	You are a knowledgeable ...			0 Sources, 0 bytes	Apple M1	8	Sonoma v15.2	Apple Mac Mini (2022)	rm231d-os15_Robins-Mac-mini (10.0.0.37)	file:////Users/Shared/Repos/AIDocs_test1/./docs/a11_search-app/25.04.Apr/_t041_qwen2;0.5b_4,1-test on rm231d/a11_t044.01.4.50415.0954_Response.txt
a11_t041.01	 qwen2:0.5b               	 8000	 0.3	  10.51	  2025-04-15 09:55	  685	KP0	Summarize the key events...	   9.56	    59	 71.63	GKN1-SIMP	You are a helpful and in...			0 Sources, 0 bytes	Apple M1	8	Sonoma v15.2	Apple Mac Mini (2022)	rm231d-os15_Robins-Mac-mini (10.0.0.37)	file:////Users/Shared/Repos/AIDocs_test1/./docs/a11_search-app/25.04.Apr/_t041_qwen2;0.5b_4,1-test on rm231d/a11_t041.01.4.50415.0955_Response.txt
a11_t042.01	 qwen2:0.5b               	16000	 0.6	   9.90	  2025-04-15 09:55	  607	KP0	Summarize the key events...	   8.50	    59	 71.38	GKN2-SIMP	You are a helpful and in...			0 Sources, 0 bytes	Apple M1	8	Sonoma v15.2	Apple Mac Mini (2022)	rm231d-os15_Robins-Mac-mini (10.0.0.37)	file:////Users/Shared/Repos/AIDocs_test1/./docs/a11_search-app/25.04.Apr/_t041_qwen2;0.5b_4,1-test on rm231d/a11_t042.01.4.50415.0955_Response.txt
a11_t043.01	 qwen2:0.5b               	32000	 0.9	   8.93	  2025-04-15 09:56	  577	KP0	Summarize the key events...	   8.06	    59	 71.61	GKN3-SIMP	You are a helpful and in...			0 Sources, 0 bytes	Apple M1	8	Sonoma v15.2	Apple Mac Mini (2022)	rm231d-os15_Robins-Mac-mini (10.0.0.37)	file:////Users/Shared/Repos/AIDocs_test1/./docs/a11_search-app/25.04.Apr/_t041_qwen2;0.5b_4,1-test on rm231d/a11_t043.01.4.50415.0955_Response.txt
a11_t044.01	 qwen2:0.5b               	 6000	 0.3	  11.76	  2025-04-15 09:56	  765	KP0	Summarize the key events...	  10.86	    75	 70.42	GKN4-DETA	You are a knowledgeable ...			0 Sources, 0 bytes	Apple M1	8	Sonoma v15.2	Apple Mac Mini (2022)	rm231d-os15_Robins-Mac-mini (10.0.0.37)	file:////Users/Shared/Repos/AIDocs_test1/./docs/a11_search-app/25.04.Apr/_t041_qwen2;0.5b_4,1-test on rm231d/a11_t044.01.4.50415.0955_Response.txt
a11_t041.01	 qwen2:0.5b               	 8000	 0.3	   8.28	  2025-04-15 10:00	  525	KP0	Summarize the key events...	   7.29	    59	 72.04	GKN1-SIMP	You are a helpful and in...			0 Sources, 0 bytes	Apple M1	8	Sonoma v15.2	Apple Mac Mini (2022)	rm231d-os15_Robins-Mac-mini (10.0.0.37)	file:////Users/Shared/Repos/AIDocs_test1/./docs/a11_search-app/25.04.Apr/_t041_qwen2;0.5b_4,1-test on rm231d/a11_t041.01.4.50415.1000_Response.txt
a11_t042.01	 qwen2:0.5b               	16000	 0.6	   6.24	  2025-04-15 10:00	  360	KP0	Summarize the key events...	   4.93	    59	 72.95	GKN2-SIMP	You are a helpful and in...			0 Sources, 0 bytes	Apple M1	8	Sonoma v15.2	Apple Mac Mini (2022)	rm231d-os15_Robins-Mac-mini (10.0.0.37)	file:////Users/Shared/Repos/AIDocs_test1/./docs/a11_search-app/25.04.Apr/_t041_qwen2;0.5b_4,1-test on rm231d/a11_t042.01.4.50415.1000_Response.txt
a11_t043.01	 qwen2:0.5b               	32000	 0.9	  10.42	  2025-04-15 10:00	  678	KP0	Summarize the key events...	   9.51	    59	 71.26	GKN3-SIMP	You are a helpful and in...			0 Sources, 0 bytes	Apple M1	8	Sonoma v15.2	Apple Mac Mini (2022)	rm231d-os15_Robins-Mac-mini (10.0.0.37)	file:////Users/Shared/Repos/AIDocs_test1/./docs/a11_search-app/25.04.Apr/_t041_qwen2;0.5b_4,1-test on rm231d/a11_t043.01.4.50415.1000_Response.txt
a11_t044.01	 qwen2:0.5b               	 6000	 0.3	   8.20	  2025-04-15 10:01	  526	KP0	Summarize the key events...	   7.31	    75	 71.98	GKN4-DETA	You are a knowledgeable ...			0 Sources, 0 bytes	Apple M1	8	Sonoma v15.2	Apple Mac Mini (2022)	rm231d-os15_Robins-Mac-mini (10.0.0.37)	file:////Users/Shared/Repos/AIDocs_test1/./docs/a11_search-app/25.04.Apr/_t041_qwen2;0.5b_4,1-test on rm231d/a11_t044.01.4.50415.1000_Response.txt
a11_t041.01	 qwen2:0.5b               	 8000	 0.3	   9.26	  2025-04-15 10:01	  595	KP0	Summarize the key events...	   8.37	    59	 71.11	GKN1-SIMP	You are a helpful and in...			0 Sources, 0 bytes	Apple M1	8	Sonoma v15.2	Apple Mac Mini (2022)	rm231d-os15_Robins-Mac-mini (10.0.0.37)	file:////Users/Shared/Repos/AIDocs_test1/./docs/a11_search-app/25.04.Apr/_t041_qwen2;0.5b_4,1-test on rm231d/a11_t041.01.4.50415.1001_Response.txt
a11_t042.01	 qwen2:0.5b               	16000	 0.6	   1.37	  2025-04-15 10:01	   23	KP0	Summarize the key events...	   0.25	    59	 93.07	GKN2-SIMP	You are a helpful and in...			0 Sources, 0 bytes	Apple M1	8	Sonoma v15.2	Apple Mac Mini (2022)	rm231d-os15_Robins-Mac-mini (10.0.0.37)	file:////Users/Shared/Repos/AIDocs_test1/./docs/a11_search-app/25.04.Apr/_t041_qwen2;0.5b_4,1-test on rm231d/a11_t042.01.4.50415.1001_Response.txt
a11_t041.01	 qwen2:0.5b               	 8000	 0.3	   6.83	  2025-04-15 10:04	  488	KP0	Summarize the key events...	   6.67	    59	 73.12	GKN1-SIMP	You are a helpful and in...			0 Sources, 0 bytes	Apple M1	8	Sonoma v15.2	Apple Mac Mini (2022)	rm231d-os15_Robins-Mac-mini (10.0.0.37)	file:////Users/Shared/Repos/AIDocs_test1/./docs/a11_search-app/25.04.Apr/_t041_qwen2;0.5b_4,1-test on rm231d/a11_t041.01.4.50415.1004_Response.txt
a11_t041.01	 qwen2:0.5b               	 8000	 0.3	   9.71	  2025-04-15 10:05	  628	KP0	Summarize the key events...	   8.79	    59	 71.48	GKN1-SIMP	You are a helpful and in...			0 Sources, 0 bytes	Apple M1	8	Sonoma v15.2	Apple Mac Mini (2022)	rm231d-os15_Robins-Mac-mini (10.0.0.37)	file:////Users/Shared/Repos/AIDocs_test1/./docs/a11_search-app/25.04.Apr/_t041_qwen2;0.5b_4,1-test on rm231d/a11_t041.01.4.50415.1005_Response.txt
a11_t041.01	 qwen2:0.5b               	 8000	 0.3	   6.83	  2025-04-15 10:08	  422	KP0	Summarize the key events...	   5.85	    59	 72.09	GKN1-SIMP	You are a helpful and in...			0 Sources, 0 bytes	Apple M1	8	Sonoma v15.2	Apple Mac Mini (2022)	rm231d-os15_Robins-Mac-mini (10.0.0.37)	file:////Users/Shared/Repos/AIDocs_test1/./docs/a11_search-app/25.04.Apr/_t041_qwen2;0.5b_4,1-test on rm231d/a11_t041.01.4.50415.1008_Response.txt
a11_t042.01	 qwen2:0.5b               	16000	 0.6	   1.56	  2025-04-15 10:08	   22	KP0	Summarize the key events...	   0.22	    59	 98.55	GKN2-SIMP	You are a helpful and in...			0 Sources, 0 bytes	Apple M1	8	Sonoma v15.2	Apple Mac Mini (2022)	rm231d-os15_Robins-Mac-mini (10.0.0.37)	file:////Users/Shared/Repos/AIDocs_test1/./docs/a11_search-app/25.04.Apr/_t041_qwen2;0.5b_4,1-test on rm231d/a11_t042.01.4.50415.1008_Response.txt
a11_t043.01	 qwen2:0.5b               	32000	 0.9	   9.37	  2025-04-15 10:11	  602	KP0	Summarize the key events...	   8.44	    59	 71.32	GKN3-SIMP	You are a helpful and in...			0 Sources, 0 bytes	Apple M1	8	Sonoma v15.2	Apple Mac Mini (2022)	rm231d-os15_Robins-Mac-mini (10.0.0.37)	file:////Users/Shared/Repos/AIDocs_test1/./docs/a11_search-app/25.04.Apr/_t041_qwen2;0.5b_4,1-test on rm231d/a11_t043.01.4.50415.1008_Response.txt
a11_t044.01	 qwen2:0.5b               	 6000	 0.3	   8.66	  2025-04-15 10:12	  556	KP0	Summarize the key events...	   7.75	    75	 71.75	GKN4-DETA	You are a knowledgeable ...			0 Sources, 0 bytes	Apple M1	8	Sonoma v15.2	Apple Mac Mini (2022)	rm231d-os15_Robins-Mac-mini (10.0.0.37)	file:////Users/Shared/Repos/AIDocs_test1/./docs/a11_search-app/25.04.Apr/_t041_qwen2;0.5b_4,1-test on rm231d/a11_t044.01.4.50415.1008_Response.txt
a11_t041.01	 qwen2:0.5b               	 8000	 0.3	   1.22	  2025-04-15 10:12	   15	KP0	Summarize the key events...	   0.14	    59	108.69	GKN1-SIMP	You are a helpful and in...			0 Sources, 0 bytes	Apple M1	8	Sonoma v15.2	Apple Mac Mini (2022)	rm231d-os15_Robins-Mac-mini (10.0.0.37)	file:////Users/Shared/Repos/AIDocs_test1/./docs/a11_search-app/25.04.Apr/_t041_qwen2;0.5b_4,1-test on rm231d/a11_t041.01.4.50415.1012_Response.txt
a11_t042.01	 qwen2:0.5b               	16000	 0.6	   7.02	  2025-04-15 10:12	  411	KP0	Summarize the key events...	   5.57	    59	 73.78	GKN2-SIMP	You are a helpful and in...			0 Sources, 0 bytes	Apple M1	8	Sonoma v15.2	Apple Mac Mini (2022)	rm231d-os15_Robins-Mac-mini (10.0.0.37)	file:////Users/Shared/Repos/AIDocs_test1/./docs/a11_search-app/25.04.Apr/_t041_qwen2;0.5b_4,1-test on rm231d/a11_t042.01.4.50415.1012_Response.txt
a11_t043.01	 qwen2:0.5b               	32000	 0.9	   7.43	  2025-04-15 10:12	  482	KP0	Summarize the key events...	   6.53	    59	 73.85	GKN3-SIMP	You are a helpful and in...			0 Sources, 0 bytes	Apple M1	8	Sonoma v15.2	Apple Mac Mini (2022)	rm231d-os15_Robins-Mac-mini (10.0.0.37)	file:////Users/Shared/Repos/AIDocs_test1/./docs/a11_search-app/25.04.Apr/_t041_qwen2;0.5b_4,1-test on rm231d/a11_t043.01.4.50415.1012_Response.txt
a11_t044.01	 qwen2:0.5b               	 6000	 0.3	   7.17	  2025-04-15 10:12	  454	KP0	Summarize the key events...	   6.27	    75	 72.35	GKN4-DETA	You are a knowledgeable ...			0 Sources, 0 bytes	Apple M1	8	Sonoma v15.2	Apple Mac Mini (2022)	rm231d-os15_Robins-Mac-mini (10.0.0.37)	file:////Users/Shared/Repos/AIDocs_test1/./docs/a11_search-app/25.04.Apr/_t041_qwen2;0.5b_4,1-test on rm231d/a11_t044.01.4.50415.1012_Response.txt
a11_t041.01	 qwen2:0.5b               	 8000	 0.3	   1.32	  2025-04-15 10:15	   34	KP0	Summarize the key events...	   0.38	    59	 89.35	GKN1-SIMP	You are a helpful and in...			0 Sources, 0 bytes	Apple M1	8	Sonoma v15.2	Apple Mac Mini (2022)	rm231d-os15_Robins-Mac-mini (10.0.0.37)	file:////Users/Shared/Repos/AIDocs_test1/./docs/a11_search-app/25.04.Apr/_t041_qwen2;0.5b_4,1-test on rm231d/a11_t041.01.4.50415.1015_Response.txt
a11_t041.01	 qwen2:0.5b               	16000	 0.3	   1.97	  2025-04-15 10:24	   40	KP0	Summarize the key events...	   0.52	    30	 77.26	GKN1-SIMP	Please use the informati...			0 Sources, 0 bytes	Apple M1	8	Sonoma v15.2	Apple Mac Mini (2022)	rm231d-os15_Robins-Mac-mini (10.0.0.37)	file:////Users/Shared/Repos/AIDocs_test1/./docs/a11_search-app/25.04.Apr/_t041_qwen2;0.5b_1,1-test on rm231d/a11_t041.01.4.50415.1024_Response.txt
a11_t041.02	 qwen2:0.5b               	16000	 0.3	   0.39	  2025-04-15 10:24	   28	KP0	Summarize the key events...	   0.34	    30	 82.08	GKN1-SIMP	Please use the informati...			0 Sources, 0 bytes	Apple M1	8	Sonoma v15.2	Apple Mac Mini (2022)	rm231d-os15_Robins-Mac-mini (10.0.0.37)	file:////Users/Shared/Repos/AIDocs_test1/./docs/a11_search-app/25.04.Apr/_t041_qwen2;0.5b_1,1-test on rm231d/a11_t041.02.4.50415.1024_Response.txt
a11_t041.01	 qwen2:0.5b               	16000	 0.3	   0.56	  2025-04-15 10:24	   27	KP0	Summarize the key events...	   0.30	    30	 90.88	GKN1-SIMP	Please use the informati...			0 Sources, 0 bytes	Apple M1	8	Sonoma v15.2	Apple Mac Mini (2022)	rm231d-os15_Robins-Mac-mini (10.0.0.37)	file:////Users/Shared/Repos/AIDocs_test1/./docs/a11_search-app/25.04.Apr/_t041_qwen2;0.5b_1,1-test on rm231d/a11_t041.01.4.50415.1024_Response.txt
a11_t041.02	 qwen2:0.5b               	16000	 0.3	   5.52	  2025-04-15 10:24	  401	KP0	Summarize the key events...	   5.48	    30	 73.24	GKN1-SIMP	Please use the informati...			0 Sources, 0 bytes	Apple M1	8	Sonoma v15.2	Apple Mac Mini (2022)	rm231d-os15_Robins-Mac-mini (10.0.0.37)	file:////Users/Shared/Repos/AIDocs_test1/./docs/a11_search-app/25.04.Apr/_t041_qwen2;0.5b_1,1-test on rm231d/a11_t041.02.4.50415.1024_Response.txt
a11_t041.01	 qwen2:0.5b               	16000	 0.3	   2.63	  2025-04-15 10:25	  168	KP0	Summarize the key events...	   2.26	    30	 74.23	GKN1-SIMP	Please use the informati...			0 Sources, 0 bytes	Apple M1	8	Sonoma v15.2	Apple Mac Mini (2022)	rm231d-os15_Robins-Mac-mini (10.0.0.37)	file:////Users/Shared/Repos/AIDocs_test1/./docs/a11_search-app/25.04.Apr/_t041_qwen2;0.5b_1,1-test on rm231d/a11_t041.01.4.50415.1025_Response.txt
a11_t041.02	 qwen2:0.5b               	16000	 0.3	   0.43	  2025-04-15 10:25	   30	KP0	Summarize the key events...	   0.38	    30	 78.51	GKN1-SIMP	Please use the informati...			0 Sources, 0 bytes	Apple M1	8	Sonoma v15.2	Apple Mac Mini (2022)	rm231d-os15_Robins-Mac-mini (10.0.0.37)	file:////Users/Shared/Repos/AIDocs_test1/./docs/a11_search-app/25.04.Apr/_t041_qwen2;0.5b_1,1-test on rm231d/a11_t041.02.4.50415.1025_Response.txt
a11_t041.01	 qwen2:0.5b               	 8000	 0.3	   8.46	  2025-04-15 10:26	  549	KP0	Summarize the key events...	   7.55	    59	 72.67	GKN1-SIMP	You are a helpful and in...			0 Sources, 0 bytes	Apple M1	8	Sonoma v15.2	Apple Mac Mini (2022)	rm231d-os15_Robins-Mac-mini (10.0.0.37)	file:////Users/Shared/Repos/AIDocs_test1/./docs/a11_search-app/25.04.Apr/_t041_qwen2;0.5b_4,1-test on rm231d/a11_t041.01.4.50415.1026_Response.txt
a11_t042.01	 qwen2:0.5b               	16000	 0.6	   1.67	  2025-04-15 10:26	   33	KP0	Summarize the key events...	   0.38	    59	 87.13	GKN2-SIMP	You are a helpful and in...			0 Sources, 0 bytes	Apple M1	8	Sonoma v15.2	Apple Mac Mini (2022)	rm231d-os15_Robins-Mac-mini (10.0.0.37)	file:////Users/Shared/Repos/AIDocs_test1/./docs/a11_search-app/25.04.Apr/_t041_qwen2;0.5b_4,1-test on rm231d/a11_t042.01.4.50415.1026_Response.txt
a11_t043.01	 qwen2:0.5b               	32000	 0.9	   8.73	  2025-04-15 10:26	  561	KP0	Summarize the key events...	   7.82	    59	 71.77	GKN3-SIMP	You are a helpful and in...			0 Sources, 0 bytes	Apple M1	8	Sonoma v15.2	Apple Mac Mini (2022)	rm231d-os15_Robins-Mac-mini (10.0.0.37)	file:////Users/Shared/Repos/AIDocs_test1/./docs/a11_search-app/25.04.Apr/_t041_qwen2;0.5b_4,1-test on rm231d/a11_t043.01.4.50415.1026_Response.txt
a11_t044.01	 qwen2:0.5b               	 6000	 0.3	  10.57	  2025-04-15 10:26	  688	KP0	Summarize the key events...	   9.66	    75	 71.20	GKN4-DETA	You are a knowledgeable ...			0 Sources, 0 bytes	Apple M1	8	Sonoma v15.2	Apple Mac Mini (2022)	rm231d-os15_Robins-Mac-mini (10.0.0.37)	file:////Users/Shared/Repos/AIDocs_test1/./docs/a11_search-app/25.04.Apr/_t041_qwen2;0.5b_4,1-test on rm231d/a11_t044.01.4.50415.1026_Response.txt
a11_t041.01	 qwen2:0.5b               	 8000	 0.3	   7.92	  2025-04-15 10:26	  516	KP0	Summarize the key events...	   7.03	    59	 73.40	GKN1-SIMP	You are a helpful and in...			0 Sources, 0 bytes	Apple M1	8	Sonoma v15.2	Apple Mac Mini (2022)	rm231d-os15_Robins-Mac-mini (10.0.0.37)	file:////Users/Shared/Repos/AIDocs_test1/./docs/a11_search-app/25.04.Apr/_t041_qwen2;0.5b_4,1-test on rm231d/a11_t041.01.4.50415.1026_Response.txt
a11_t042.01	 qwen2:0.5b               	16000	 0.6	   9.14	  2025-04-15 10:26	  561	KP0	Summarize the key events...	   7.99	    59	 70.18	GKN2-SIMP	You are a helpful and in...			0 Sources, 0 bytes	Apple M1	8	Sonoma v15.2	Apple Mac Mini (2022)	rm231d-os15_Robins-Mac-mini (10.0.0.37)	file:////Users/Shared/Repos/AIDocs_test1/./docs/a11_search-app/25.04.Apr/_t041_qwen2;0.5b_4,1-test on rm231d/a11_t042.01.4.50415.1026_Response.txt
a11_t043.01	 qwen2:0.5b               	32000	 0.9	   8.48	  2025-04-15 10:26	  553	KP0	Summarize the key events...	   7.57	    59	 73.01	GKN3-SIMP	You are a helpful and in...			0 Sources, 0 bytes	Apple M1	8	Sonoma v15.2	Apple Mac Mini (2022)	rm231d-os15_Robins-Mac-mini (10.0.0.37)	file:////Users/Shared/Repos/AIDocs_test1/./docs/a11_search-app/25.04.Apr/_t041_qwen2;0.5b_4,1-test on rm231d/a11_t043.01.4.50415.1026_Response.txt
a11_t044.01	 qwen2:0.5b               	 6000	 0.3	   7.35	  2025-04-15 10:26	  472	KP0	Summarize the key events...	   6.46	    75	 73.07	GKN4-DETA	You are a knowledgeable ...			0 Sources, 0 bytes	Apple M1	8	Sonoma v15.2	Apple Mac Mini (2022)	rm231d-os15_Robins-Mac-mini (10.0.0.37)	file:////Users/Shared/Repos/AIDocs_test1/./docs/a11_search-app/25.04.Apr/_t041_qwen2;0.5b_4,1-test on rm231d/a11_t044.01.4.50415.1026_Response.txt
a11_t041.01	 qwen2:0.5b               	 8000	 0.3	  11.51	  2025-04-15 10:27	  748	KP0	Summarize the key events...	  10.61	    59	 70.48	GKN1-SIMP	You are a helpful and in...			0 Sources, 0 bytes	Apple M1	8	Sonoma v15.2	Apple Mac Mini (2022)	rm231d-os15_Robins-Mac-mini (10.0.0.37)	file:////Users/Shared/Repos/AIDocs_test1/./docs/a11_search-app/25.04.Apr/_t041_qwen2;0.5b_4,1-test on rm231d/a11_t041.01.4.50415.1027_Response.txt
a11_t042.01	 qwen2:0.5b               	16000	 0.6	  31.68	  2025-04-15 10:27	 1889	KP0	Summarize the key events...	  30.54	    59	 61.86	GKN2-SIMP	You are a helpful and in...			0 Sources, 0 bytes	Apple M1	8	Sonoma v15.2	Apple Mac Mini (2022)	rm231d-os15_Robins-Mac-mini (10.0.0.37)	file:////Users/Shared/Repos/AIDocs_test1/./docs/a11_search-app/25.04.Apr/_t041_qwen2;0.5b_4,1-test on rm231d/a11_t042.01.4.50415.1027_Response.txt
a11_t043.01	 qwen2:0.5b               	32000	 0.9	   8.47	  2025-04-15 10:28	  549	KP0	Summarize the key events...	   7.58	    59	 72.40	GKN3-SIMP	You are a helpful and in...			0 Sources, 0 bytes	Apple M1	8	Sonoma v15.2	Apple Mac Mini (2022)	rm231d-os15_Robins-Mac-mini (10.0.0.37)	file:////Users/Shared/Repos/AIDocs_test1/./docs/a11_search-app/25.04.Apr/_t041_qwen2;0.5b_4,1-test on rm231d/a11_t043.01.4.50415.1027_Response.txt
a11_t044.01	 qwen2:0.5b               	 6000	 0.3	  17.34	  2025-04-15 10:28	 1105	KP0	Summarize the key events...	  16.44	    75	 67.20	GKN4-DETA	You are a knowledgeable ...			0 Sources, 0 bytes	Apple M1	8	Sonoma v15.2	Apple Mac Mini (2022)	rm231d-os15_Robins-Mac-mini (10.0.0.37)	file:////Users/Shared/Repos/AIDocs_test1/./docs/a11_search-app/25.04.Apr/_t041_qwen2;0.5b_4,1-test on rm231d/a11_t044.01.4.50415.1027_Response.txt
a11_t041.01	 qwen2:0.5b               	 8000	 0.3	  10.70	  2025-04-15 10:28	  690	KP0	Summarize the key events...	   9.81	    59	 70.35	GKN1-SIMP	You are a helpful and in...			0 Sources, 0 bytes	Apple M1	8	Sonoma v15.2	Apple Mac Mini (2022)	rm231d-os15_Robins-Mac-mini (10.0.0.37)	file:////Users/Shared/Repos/AIDocs_test1/./docs/a11_search-app/25.04.Apr/_t041_qwen2;0.5b_4,1-test on rm231d/a11_t041.01.4.50415.1028_Response.txt
a11_t042.01	 qwen2:0.5b               	16000	 0.6	   9.74	  2025-04-15 10:28	  587	KP0	Summarize the key events...	   8.25	    59	 71.18	GKN2-SIMP	You are a helpful and in...			0 Sources, 0 bytes	Apple M1	8	Sonoma v15.2	Apple Mac Mini (2022)	rm231d-os15_Robins-Mac-mini (10.0.0.37)	file:////Users/Shared/Repos/AIDocs_test1/./docs/a11_search-app/25.04.Apr/_t041_qwen2;0.5b_4,1-test on rm231d/a11_t042.01.4.50415.1028_Response.txt
a11_t043.01	 qwen2:0.5b               	32000	 0.9	   6.56	  2025-04-15 10:28	  417	KP0	Summarize the key events...	   5.66	    59	 73.70	GKN3-SIMP	You are a helpful and in...			0 Sources, 0 bytes	Apple M1	8	Sonoma v15.2	Apple Mac Mini (2022)	rm231d-os15_Robins-Mac-mini (10.0.0.37)	file:////Users/Shared/Repos/AIDocs_test1/./docs/a11_search-app/25.04.Apr/_t041_qwen2;0.5b_4,1-test on rm231d/a11_t043.01.4.50415.1028_Response.txt
a11_t044.01	 qwen2:0.5b               	 6000	 0.3	   7.60	  2025-04-15 10:29	  487	KP0	Summarize the key events...	   6.70	    75	 72.73	GKN4-DETA	You are a knowledgeable ...			0 Sources, 0 bytes	Apple M1	8	Sonoma v15.2	Apple Mac Mini (2022)	rm231d-os15_Robins-Mac-mini (10.0.0.37)	file:////Users/Shared/Repos/AIDocs_test1/./docs/a11_search-app/25.04.Apr/_t041_qwen2;0.5b_4,1-test on rm231d/a11_t044.01.4.50415.1028_Response.txt
a11_t041.01	 qwen2:0.5b               	 8000	 0.3	  10.02	  2025-04-15 10:30	  645	KP0	Summarize the key events...	   9.12	    59	 70.71	GKN1-SIMP	You are a helpful and in...			0 Sources, 0 bytes	Apple M1	8	Sonoma v15.2	Apple Mac Mini (2022)	rm231d-os15_Robins-Mac-mini (10.0.0.37)	file:////Users/Shared/Repos/AIDocs_test1/./docs/a11_search-app/25.04.Apr/_t041_qwen2;0.5b_4,1-test on rm231d/a11_t041.01.4.50415.1030_Response.txt
a11_t042.01	 qwen2:0.5b               	16000	 0.6	  22.29	  2025-04-15 10:30	 1381	KP0	Summarize the key events...	  21.01	    59	 65.73	GKN2-SIMP	You are a helpful and in...			0 Sources, 0 bytes	Apple M1	8	Sonoma v15.2	Apple Mac Mini (2022)	rm231d-os15_Robins-Mac-mini (10.0.0.37)	file:////Users/Shared/Repos/AIDocs_test1/./docs/a11_search-app/25.04.Apr/_t041_qwen2;0.5b_4,1-test on rm231d/a11_t042.01.4.50415.1030_Response.txt
a11_t043.01	 qwen2:0.5b               	32000	 0.9	   6.70	  2025-04-15 10:30	  425	KP0	Summarize the key events...	   5.80	    59	 73.22	GKN3-SIMP	You are a helpful and in...			0 Sources, 0 bytes	Apple M1	8	Sonoma v15.2	Apple Mac Mini (2022)	rm231d-os15_Robins-Mac-mini (10.0.0.37)	file:////Users/Shared/Repos/AIDocs_test1/./docs/a11_search-app/25.04.Apr/_t041_qwen2;0.5b_4,1-test on rm231d/a11_t043.01.4.50415.1030_Response.txt
a11_t044.01	 qwen2:0.5b               	 6000	 0.3	   8.14	  2025-04-15 10:30	  523	KP0	Summarize the key events...	   7.24	    75	 72.25	GKN4-DETA	You are a knowledgeable ...			0 Sources, 0 bytes	Apple M1	8	Sonoma v15.2	Apple Mac Mini (2022)	rm231d-os15_Robins-Mac-mini (10.0.0.37)	file:////Users/Shared/Repos/AIDocs_test1/./docs/a11_search-app/25.04.Apr/_t041_qwen2;0.5b_4,1-test on rm231d/a11_t044.01.4.50415.1030_Response.txt
a11_t041.01	 qwen2:0.5b               	 8000	 0.3	  13.87	  2025-04-15 10:30	  894	KP0	Summarize the key events...	  12.97	    59	 68.91	GKN1-SIMP	You are a helpful and in...			0 Sources, 0 bytes	Apple M1	8	Sonoma v15.2	Apple Mac Mini (2022)	rm231d-os15_Robins-Mac-mini (10.0.0.37)	file:////Users/Shared/Repos/AIDocs_test1/./docs/a11_search-app/25.04.Apr/_t041_qwen2;0.5b_4,1-test on rm231d/a11_t041.01.4.50415.1030_Response.txt
a11_t042.01	 qwen2:0.5b               	16000	 0.6	   8.95	  2025-04-15 10:31	  552	KP0	Summarize the key events...	   7.65	    59	 72.18	GKN2-SIMP	You are a helpful and in...			0 Sources, 0 bytes	Apple M1	8	Sonoma v15.2	Apple Mac Mini (2022)	rm231d-os15_Robins-Mac-mini (10.0.0.37)	file:////Users/Shared/Repos/AIDocs_test1/./docs/a11_search-app/25.04.Apr/_t041_qwen2;0.5b_4,1-test on rm231d/a11_t042.01.4.50415.1030_Response.txt
a11_t043.01	 qwen2:0.5b               	32000	 0.9	   8.01	  2025-04-15 10:31	  514	KP0	Summarize the key events...	   7.09	    59	 72.46	GKN3-SIMP	You are a helpful and in...			0 Sources, 0 bytes	Apple M1	8	Sonoma v15.2	Apple Mac Mini (2022)	rm231d-os15_Robins-Mac-mini (10.0.0.37)	file:////Users/Shared/Repos/AIDocs_test1/./docs/a11_search-app/25.04.Apr/_t041_qwen2;0.5b_4,1-test on rm231d/a11_t043.01.4.50415.1030_Response.txt
a11_t044.01	 qwen2:0.5b               	 6000	 0.3	   1.12	  2025-04-15 10:31	   19	KP0	Summarize the key events...	   0.21	    75	 89.94	GKN4-DETA	You are a knowledgeable ...			0 Sources, 0 bytes	Apple M1	8	Sonoma v15.2	Apple Mac Mini (2022)	rm231d-os15_Robins-Mac-mini (10.0.0.37)	file:////Users/Shared/Repos/AIDocs_test1/./docs/a11_search-app/25.04.Apr/_t041_qwen2;0.5b_4,1-test on rm231d/a11_t044.01.4.50415.1030_Response.txt
a11_t041.01	 qwen2:0.5b               	 8000	 0.3	   6.48	  2025-04-15 11:04	  386	KP0	Summarize the key events...	   5.30	    59	 72.87	GKN1-SIMP	You are a helpful and in...			0 Sources, 0 bytes	Apple M1	8	Sonoma v15.2	Apple Mac Mini (2022)	rm231d-os15_Robins-Mac-mini (10.0.0.37)	file:////Users/Shared/Repos/AIDocs_test1/./docs/a11_search-app/25.04.Apr/_t041_qwen2;0.5b_4,1-test on rm231d/a11_t041.01.4.50415.1104_Response.txt
a11_t042.01	 qwen2:0.5b               	16000	 0.6	  13.67	  2025-04-15 11:04	  841	KP0	Summarize the key events...	  12.26	    59	 68.62	GKN2-SIMP	You are a helpful and in...			0 Sources, 0 bytes	Apple M1	8	Sonoma v15.2	Apple Mac Mini (2022)	rm231d-os15_Robins-Mac-mini (10.0.0.37)	file:////Users/Shared/Repos/AIDocs_test1/./docs/a11_search-app/25.04.Apr/_t041_qwen2;0.5b_4,1-test on rm231d/a11_t042.01.4.50415.1104_Response.txt
a11_t043.01	 qwen2:0.5b               	32000	 0.9	   1.25	  2025-04-15 11:04	   33	KP0	Summarize the key events...	   0.37	    59	 90.07	GKN3-SIMP	You are a helpful and in...			0 Sources, 0 bytes	Apple M1	8	Sonoma v15.2	Apple Mac Mini (2022)	rm231d-os15_Robins-Mac-mini (10.0.0.37)	file:////Users/Shared/Repos/AIDocs_test1/./docs/a11_search-app/25.04.Apr/_t041_qwen2;0.5b_4,1-test on rm231d/a11_t043.01.4.50415.1104_Response.txt
a11_t044.01	 qwen2:0.5b               	 6000	 0.3	   1.23	  2025-04-15 11:04	   29	KP0	Summarize the key events...	   0.33	    75	 87.24	GKN4-DETA	You are a knowledgeable ...			0 Sources, 0 bytes	Apple M1	8	Sonoma v15.2	Apple Mac Mini (2022)	rm231d-os15_Robins-Mac-mini (10.0.0.37)	file:////Users/Shared/Repos/AIDocs_test1/./docs/a11_search-app/25.04.Apr/_t041_qwen2;0.5b_4,1-test on rm231d/a11_t044.01.4.50415.1104_Response.txt
a11_t041.01	 qwen2:0.5b               	 8000	 0.3	  14.29	  2025-04-15 11:04	  925	KP0	Summarize the key events...	  13.39	    59	 69.09	GKN1-SIMP	You are a helpful and in...			0 Sources, 0 bytes	Apple M1	8	Sonoma v15.2	Apple Mac Mini (2022)	rm231d-os15_Robins-Mac-mini (10.0.0.37)	file:////Users/Shared/Repos/AIDocs_test1/./docs/a11_search-app/25.04.Apr/_t041_qwen2;0.5b_4,1-test on rm231d/a11_t041.01.4.50415.1104_Response.txt
a11_t042.01	 qwen2:0.5b               	16000	 0.6	   5.45	  2025-04-15 11:05	  310	KP0	Summarize the key events...	   4.19	    59	 73.91	GKN2-SIMP	You are a helpful and in...			0 Sources, 0 bytes	Apple M1	8	Sonoma v15.2	Apple Mac Mini (2022)	rm231d-os15_Robins-Mac-mini (10.0.0.37)	file:////Users/Shared/Repos/AIDocs_test1/./docs/a11_search-app/25.04.Apr/_t041_qwen2;0.5b_4,1-test on rm231d/a11_t042.01.4.50415.1104_Response.txt
a11_t041.01	 qwen2:0.5b               	16000	 0.3	  12.72	  2025-04-15 11:05	  794	KP0	Summarize the key events...	  11.31	    30	 70.22	GKN1-SIMP	Please use the informati...			0 Sources, 0 bytes	Apple M1	8	Sonoma v15.2	Apple Mac Mini (2022)	rm231d-os15_Robins-Mac-mini (10.0.0.37)	file:////Users/Shared/Repos/AIDocs_test1/./docs/a11_search-app/25.04.Apr/_t041_qwen2;0.5b_1,1-test on rm231d/a11_t041.01.4.50415.1105_Response.txt
a11_t041.02	 qwen2:0.5b               	16000	 0.3	   5.49	  2025-04-15 11:05	  395	KP0	Summarize the key events...	   5.44	    30	 72.58	GKN1-SIMP	Please use the informati...			0 Sources, 0 bytes	Apple M1	8	Sonoma v15.2	Apple Mac Mini (2022)	rm231d-os15_Robins-Mac-mini (10.0.0.37)	file:////Users/Shared/Repos/AIDocs_test1/./docs/a11_search-app/25.04.Apr/_t041_qwen2;0.5b_1,1-test on rm231d/a11_t041.02.4.50415.1105_Response.txt
a11_t041.01	 qwen2:0.5b               	16000	 0.3	   1.92	  2025-04-15 22:45	   25	KP0	Summarize the key events...	   0.24	    30	103.42	GKN1-SIMP	Please use the informati...			0 Sources, 0 bytes	Apple M1	8	Sonoma v15.2	Apple Mac Mini (2022)	rm231d-os15_Robins-Mac-mini (10.0.0.37)	file:////Users/Shared/Repos/AIDocs_test1/./docs/a11_search-app/25.04.Apr/_t041_qwen2;0.5b_1,1-test on rm231d/a11_t041.01.4.50415.2245_Response.txt
a11_t041.02	 qwen2:0.5b               	16000	 0.3	   0.83	  2025-04-15 22:45	   60	KP0	Summarize the key events...	   0.78	    30	 77.30	GKN1-SIMP	Please use the informati...			0 Sources, 0 bytes	Apple M1	8	Sonoma v15.2	Apple Mac Mini (2022)	rm231d-os15_Robins-Mac-mini (10.0.0.37)	file:////Users/Shared/Repos/AIDocs_test1/./docs/a11_search-app/25.04.Apr/_t041_qwen2;0.5b_1,1-test on rm231d/a11_t041.02.4.50415.2245_Response.txt
a11_t041.01	 qwen2:0.5b               	16000	 0.3	   0.79	  2025-04-15 22:45	   44	KP0	Summarize the key events...	   0.49	    30	 89.99	GKN1-SIMP	Please use the informati...			0 Sources, 0 bytes	Apple M1	8	Sonoma v15.2	Apple Mac Mini (2022)	rm231d-os15_Robins-Mac-mini (10.0.0.37)	file:////Users/Shared/Repos/AIDocs_test1/./docs/a11_search-app/25.04.Apr/_t041_qwen2;0.5b_1,1-test on rm231d/a11_t041.01.4.50415.2245_Response.txt
a11_t041.02	 qwen2:0.5b               	16000	 0.3	   7.55	  2025-04-15 22:45	  543	KP0	Summarize the key events...	   7.50	    30	 72.39	GKN1-SIMP	Please use the informati...			0 Sources, 0 bytes	Apple M1	8	Sonoma v15.2	Apple Mac Mini (2022)	rm231d-os15_Robins-Mac-mini (10.0.0.37)	file:////Users/Shared/Repos/AIDocs_test1/./docs/a11_search-app/25.04.Apr/_t041_qwen2;0.5b_1,1-test on rm231d/a11_t041.02.4.50415.2245_Response.txt
a11_t041.01	 qwen2:0.5b               	16000	 0.3	   4.20	  2025-04-15 22:49	  259	KP0	Summarize the key events...	   3.55	    30	 72.92	GKN1-SIMP	Please use the informati...			0 Sources, 0 bytes	Apple M1	8	Sonoma v15.2	Apple Mac Mini (2022)	rm231d-os15_Robins-Mac-mini (10.0.0.37)	file:////Users/Shared/Repos/AIDocs_test1/./docs/a11_search-app/25.04.Apr/_t041_qwen2;0.5b_1,1-test on rm231d/a11_t041.01.4.50415.2249_Response.txt
a11_t041.02	 qwen2:0.5b               	16000	 0.3	  15.49	  2025-04-15 22:49	 1042	KP0	Summarize the key events...	  15.43	    30	 67.52	GKN1-SIMP	Please use the informati...			0 Sources, 0 bytes	Apple M1	8	Sonoma v15.2	Apple Mac Mini (2022)	rm231d-os15_Robins-Mac-mini (10.0.0.37)	file:////Users/Shared/Repos/AIDocs_test1/./docs/a11_search-app/25.04.Apr/_t041_qwen2;0.5b_1,1-test on rm231d/a11_t041.02.4.50415.2249_Response.txt
a11_t041.01	 qwen2:0.5b               	16000	 0.3	  10.06	  2025-04-15 23:06	  678	KP0	Summarize the key events...	   9.47	    30	 71.56	GKN1-SIMP	Please use the informati...			0 Sources, 0 bytes	Apple M1	8	Sonoma v15.2	Apple Mac Mini (2022)	rm231d-os15_Robins-Mac-mini (10.0.0.37)	file:////Users/Shared/Repos/AIDocs_test1/./docs/a11_search-app/25.04.Apr/_t041_qwen2;0.5b_1,1-test on rm231d/a11_t041.01.4.50415.2306_Response.txt
a11_t041.02	 qwen2:0.5b               	16000	 0.3	   0.47	  2025-04-15 23:06	   32	KP0	Summarize the key events...	   0.42	    30	 76.58	GKN1-SIMP	Please use the informati...			0 Sources, 0 bytes	Apple M1	8	Sonoma v15.2	Apple Mac Mini (2022)	rm231d-os15_Robins-Mac-mini (10.0.0.37)	file:////Users/Shared/Repos/AIDocs_test1/./docs/a11_search-app/25.04.Apr/_t041_qwen2;0.5b_1,1-test on rm231d/a11_t041.02.4.50415.2306_Response.txt
a11_t041.03	 qwen2:0.5b               	16000	 0.3	  33.60	  2025-04-15 23:08	 2016	KP0	Summarize the key events...	  33.07	    30	 60.96	GKN1-SIMP	Please use the informati...			0 Sources, 0 bytes	Apple M1	8	Sonoma v15.2	Apple Mac Mini (2022)	rm231d-os15_Robins-Mac-mini (10.0.0.37)	file:////Users/Shared/Repos/AIDocs_test1/./docs/a11_search-app/25.04.Apr/_t041_qwen2;0.5b_1,1-test on rm231d/a11_t041.03.4.50415.2308_Response.txt
a11_t041.01	 qwen2:0.5b               	16000	 0.3	   1.49	  2025-04-15 23:21	   15	KP0	Summarize the key events...	   0.13	    30	111.85	GKN1-SIMP	Please use the informati...			0 Sources, 0 bytes	Apple M1	8	Sonoma v15.2	Apple Mac Mini (2022)	rm231d-os15_Robins-Mac-mini (10.0.0.37)	file:////Users/Shared/Repos/AIDocs_test1/./docs/a11_search-app/25.04.Apr/_t041_qwen2;0.5b_1,1-test on rm231d/a11_t041.01.4.50415.2321_Response.txt
a11_t041.02	 qwen2:0.5b               	16000	 0.3	   1.00	  2025-04-15 23:21	   73	KP0	Summarize the key events...	   0.96	    30	 76.41	GKN1-SIMP	Please use the informati...			0 Sources, 0 bytes	Apple M1	8	Sonoma v15.2	Apple Mac Mini (2022)	rm231d-os15_Robins-Mac-mini (10.0.0.37)	file:////Users/Shared/Repos/AIDocs_test1/./docs/a11_search-app/25.04.Apr/_t041_qwen2;0.5b_1,1-test on rm231d/a11_t041.02.4.50415.2321_Response.txt
a11_t041.01	 qwen2:0.5b               	16000	 0.3	   5.93	  2025-04-15 23:21	  413	KP0	Summarize the key events...	   5.56	    30	 74.27	GKN1-SIMP	Please use the informati...			0 Sources, 0 bytes	Apple M1	8	Sonoma v15.2	Apple Mac Mini (2022)	rm231d-os15_Robins-Mac-mini (10.0.0.37)	file:////Users/Shared/Repos/AIDocs_test1/./docs/a11_search-app/25.04.Apr/_t041_qwen2;0.5b_1,1-test on rm231d/a11_t041.01.4.50415.2321_Response.txt
a11_t041.02	 qwen2:0.5b               	16000	 0.3	   5.58	  2025-04-15 23:22	  401	KP0	Summarize the key events...	   5.53	    30	 72.48	GKN1-SIMP	Please use the informati...			0 Sources, 0 bytes	Apple M1	8	Sonoma v15.2	Apple Mac Mini (2022)	rm231d-os15_Robins-Mac-mini (10.0.0.37)	file:////Users/Shared/Repos/AIDocs_test1/./docs/a11_search-app/25.04.Apr/_t041_qwen2;0.5b_1,1-test on rm231d/a11_t041.02.4.50415.2322_Response.txt
a11_t041.01	 qwen2:0.5b               	16000	 0.3	   0.75	  2025-04-15 23:23	   23	KP0	Summarize the key events...	   0.23	    30	 99.70	GKN1-SIMP	Please use the informati...			0 Sources, 0 bytes	Apple M1	8	Sonoma v15.2	Apple Mac Mini (2022)	rm231d-os15_Robins-Mac-mini (10.0.0.37)	file:////Users/Shared/Repos/AIDocs_test1/./docs/a11_search-app/25.04.Apr/_t041_qwen2;0.5b_1,1-test on rm231d/a11_t041.01.4.50415.2323_Response.txt
a11_t041.02	 qwen2:0.5b               	16000	 0.3	   0.69	  2025-04-15 23:23	   50	KP0	Summarize the key events...	   0.64	    30	 78.04	GKN1-SIMP	Please use the informati...			0 Sources, 0 bytes	Apple M1	8	Sonoma v15.2	Apple Mac Mini (2022)	rm231d-os15_Robins-Mac-mini (10.0.0.37)	file:////Users/Shared/Repos/AIDocs_test1/./docs/a11_search-app/25.04.Apr/_t041_qwen2;0.5b_1,1-test on rm231d/a11_t041.02.4.50415.2323_Response.txt
a11_t041.03	 qwen2:0.5b               	16000	 0.3	   0.53	  2025-04-15 23:24	   19	KP0	Summarize the key events...	   0.18	    30	106.27	GKN1-SIMP	Please use the informati...			0 Sources, 0 bytes	Apple M1	8	Sonoma v15.2	Apple Mac Mini (2022)	rm231d-os15_Robins-Mac-mini (10.0.0.37)	file:////Users/Shared/Repos/AIDocs_test1/./docs/a11_search-app/25.04.Apr/_t041_qwen2;0.5b_1,1-test on rm231d/a11_t041.03.4.50415.2324_Response.txt
a11_t041.01	 qwen2:0.5b               	16000	 0.3	  15.72	  2025-04-15 23:25	 1035	KP0	Summarize the key events...	  15.14	    30	 68.36	GKN1-SIMP	Please use the informati...			0 Sources, 0 bytes	Apple M1	8	Sonoma v15.2	Apple Mac Mini (2022)	rm231d-os15_Robins-Mac-mini (10.0.0.37)	file:////Users/Shared/Repos/AIDocs_test1/./docs/a11_search-app/25.04.Apr/_t041_qwen2;0.5b_1,1-test on rm231d/a11_t041.01.4.50415.2325_Response.txt
a11_t041.02	 qwen2:0.5b               	16000	 0.3	   0.53	  2025-04-15 23:26	   37	KP0	Summarize the key events...	   0.48	    30	 77.05	GKN1-SIMP	Please use the informati...			0 Sources, 0 bytes	Apple M1	8	Sonoma v15.2	Apple Mac Mini (2022)	rm231d-os15_Robins-Mac-mini (10.0.0.37)	file:////Users/Shared/Repos/AIDocs_test1/./docs/a11_search-app/25.04.Apr/_t041_qwen2;0.5b_1,1-test on rm231d/a11_t041.02.4.50415.2326_Response.txt
a11_t041.01	 qwen2:0.5b               	16000	 0.3	   9.60	  2025-04-15 23:31	  594	KP0	Summarize the key events...	   8.22	    30	 72.28	GKN1-SIMP	Please use the informati...			0 Sources, 0 bytes	Apple M1	8	Sonoma v15.2	Apple Mac Mini (2022)	rm231d-os15_Robins-Mac-mini (10.0.0.37)	file:////Users/Shared/Repos/AIDocs_test1/./docs/a11_search-app/25.04.Apr/_t041_qwen2;0.5b_1,1-test on rm231d/a11_t041.01.4.50415.2331_Response.txt
a11_t041.02	 qwen2:0.5b               	16000	 0.3	   0.43	  2025-04-15 23:32	   29	KP0	Summarize the key events...	   0.38	    30	 75.84	GKN1-SIMP	Please use the informati...			0 Sources, 0 bytes	Apple M1	8	Sonoma v15.2	Apple Mac Mini (2022)	rm231d-os15_Robins-Mac-mini (10.0.0.37)	file:////Users/Shared/Repos/AIDocs_test1/./docs/a11_search-app/25.04.Apr/_t041_qwen2;0.5b_1,1-test on rm231d/a11_t041.02.4.50415.2332_Response.txt
a11_t041.01	 qwen2:0.5b               	16000	 0.3	   0.89	  2025-04-15 23:32	   41	KP0	Summarize the key events...	   0.48	    30	 85.71	GKN1-SIMP	Please use the informati...			0 Sources, 0 bytes	Apple M1	8	Sonoma v15.2	Apple Mac Mini (2022)	rm231d-os15_Robins-Mac-mini (10.0.0.37)	file:////Users/Shared/Repos/AIDocs_test1/./docs/a11_search-app/25.04.Apr/_t041_qwen2;0.5b_1,1-test on rm231d/a11_t041.01.4.50415.2332_Response.txt
a11_t041.02	 qwen2:0.5b               	16000	 0.3	   0.37	  2025-04-15 23:32	   24	KP0	Summarize the key events...	   0.32	    30	 75.15	GKN1-SIMP	Please use the informati...			0 Sources, 0 bytes	Apple M1	8	Sonoma v15.2	Apple Mac Mini (2022)	rm231d-os15_Robins-Mac-mini (10.0.0.37)	file:////Users/Shared/Repos/AIDocs_test1/./docs/a11_search-app/25.04.Apr/_t041_qwen2;0.5b_1,1-test on rm231d/a11_t041.02.4.50415.2332_Response.txt
a11_t041.01	 qwen2:0.5b               	16000	 0.3	   0.67	  2025-04-15 23:33	   31	KP0	Summarize the key events...	   0.34	    30	 92.07	GKN1-SIMP	Please use the informati...			0 Sources, 0 bytes	Apple M1	8	Sonoma v15.2	Apple Mac Mini (2022)	rm231d-os15_Robins-Mac-mini (10.0.0.37)	file:////Users/Shared/Repos/AIDocs_test1/./docs/a11_search-app/25.04.Apr/_t041_qwen2;0.5b_1,1-test on rm231d/a11_t041.01.4.50415.2333_Response.txt
a11_t041.02	 qwen2:0.5b               	16000	 0.3	   8.23	  2025-04-15 23:33	  582	KP0	Summarize the key events...	   8.18	    30	 71.16	GKN1-SIMP	Please use the informati...			0 Sources, 0 bytes	Apple M1	8	Sonoma v15.2	Apple Mac Mini (2022)	rm231d-os15_Robins-Mac-mini (10.0.0.37)	file:////Users/Shared/Repos/AIDocs_test1/./docs/a11_search-app/25.04.Apr/_t041_qwen2;0.5b_1,1-test on rm231d/a11_t041.02.4.50415.2333_Response.txt
a11_t041.01	 qwen2:0.5b               	16000	 0.3	   0.85	  2025-04-15 23:33	   43	KP0	Summarize the key events...	   0.53	    30	 80.55	GKN1-SIMP	Please use the informati...			0 Sources, 0 bytes	Apple M1	8	Sonoma v15.2	Apple Mac Mini (2022)	rm231d-os15_Robins-Mac-mini (10.0.0.37)	file:////Users/Shared/Repos/AIDocs_test1/./docs/a11_search-app/25.04.Apr/_t041_qwen2;0.5b_1,1-test on rm231d/a11_t041.01.4.50415.2333_Response.txt
a11_t041.02	 qwen2:0.5b               	16000	 0.3	   9.09	  2025-04-15 23:33	  639	KP0	Summarize the key events...	   9.04	    30	 70.72	GKN1-SIMP	Please use the informati...			0 Sources, 0 bytes	Apple M1	8	Sonoma v15.2	Apple Mac Mini (2022)	rm231d-os15_Robins-Mac-mini (10.0.0.37)	file:////Users/Shared/Repos/AIDocs_test1/./docs/a11_search-app/25.04.Apr/_t041_qwen2;0.5b_1,1-test on rm231d/a11_t041.02.4.50415.2333_Response.txt
a11_t041.01	 qwen2:0.5b               	16000	 0.3	   1.86	  2025-04-15 23:40	   29	KP0	Summarize the key events...	   0.35	    30	 82.36	GKN1-SIMP	Please use the informati...			0 Sources, 0 bytes	Apple M1	8	Sonoma v15.2	Apple Mac Mini (2022)	rm231d-os15_Robins-Mac-mini (10.0.0.37)	file:////Users/Shared/Repos/AIDocs_test1/./docs/a11_search-app/25.04.Apr/_t041_qwen2;0.5b_1,1-test on rm231d/a11_t041.01.4.50415.2340_Response.txt
a11_t041.02	 qwen2:0.5b               	16000	 0.3	   0.96	  2025-04-15 23:40	   66	KP0	Summarize the key events...	   0.91	    30	 72.30	GKN1-SIMP	Please use the informati...			0 Sources, 0 bytes	Apple M1	8	Sonoma v15.2	Apple Mac Mini (2022)	rm231d-os15_Robins-Mac-mini (10.0.0.37)	file:////Users/Shared/Repos/AIDocs_test1/./docs/a11_search-app/25.04.Apr/_t041_qwen2;0.5b_1,1-test on rm231d/a11_t041.02.4.50415.2340_Response.txt
a11_t041.01	 qwen2:0.5b               	16000	 0.3	   7.89	  2025-04-15 23:42	  543	KP0	Summarize the key events...	   7.47	    30	 72.67	GKN1-SIMP	Please use the informati...			0 Sources, 0 bytes	Apple M1	8	Sonoma v15.2	Apple Mac Mini (2022)	rm231d-os15_Robins-Mac-mini (10.0.0.37)	file:////Users/Shared/Repos/AIDocs_test1/./docs/a11_search-app/25.04.Apr/_t041_qwen2;0.5b_1,1-test on rm231d/a11_t041.01.4.50415.2342_Response.txt
a11_t041.01	 qwen2:0.5b               	16000	 0.3	   6.76	  2025-04-15 23:43	  451	KP0	Summarize the key events...	   6.37	    30	 70.79	GKN1-SIMP	Please use the informati...			0 Sources, 0 bytes	Apple M1	8	Sonoma v15.2	Apple Mac Mini (2022)	rm231d-os15_Robins-Mac-mini (10.0.0.37)	file:////Users/Shared/Repos/AIDocs_test1/./docs/a11_search-app/25.04.Apr/_t041_qwen2;0.5b_1,1-test on rm231d/a11_t041.01.4.50415.2343_Response.txt
a11_t041.01	 qwen2:0.5b               	16000	 0.3	   7.79	  2025-04-15 23:43	  540	KP0	Summarize the key events...	   7.34	    30	 73.56	GKN1-SIMP	Please use the informati...			0 Sources, 0 bytes	Apple M1	8	Sonoma v15.2	Apple Mac Mini (2022)	rm231d-os15_Robins-Mac-mini (10.0.0.37)	file:////Users/Shared/Repos/AIDocs_test1/./docs/a11_search-app/25.04.Apr/_t041_qwen2;0.5b_1,1-test on rm231d/a11_t041.01.4.50415.2343_Response.txt
a11_t041.01	 qwen2:0.5b               	 8000	 0.3	   1.30	  2025-04-15 23:44	   37	KP0	Summarize the key events...	   0.42	    59	 87.52	GKN1-SIMP	You are a helpful and in...			0 Sources, 0 bytes	Apple M1	8	Sonoma v15.2	Apple Mac Mini (2022)	rm231d-os15_Robins-Mac-mini (10.0.0.37)	file:////Users/Shared/Repos/AIDocs_test1/./docs/a11_search-app/25.04.Apr/_t041_qwen2;0.5b_4,1-test on rm231d/a11_t041.01.4.50415.2344_Response.txt
a11_t042.01	 qwen2:0.5b               	16000	 0.6	   6.30	  2025-04-15 23:44	  369	KP0	Summarize the key events...	   4.98	    59	 74.17	GKN2-SIMP	You are a helpful and in...			0 Sources, 0 bytes	Apple M1	8	Sonoma v15.2	Apple Mac Mini (2022)	rm231d-os15_Robins-Mac-mini (10.0.0.37)	file:////Users/Shared/Repos/AIDocs_test1/./docs/a11_search-app/25.04.Apr/_t041_qwen2;0.5b_4,1-test on rm231d/a11_t042.01.4.50415.2344_Response.txt
a11_t043.01	 qwen2:0.5b               	32000	 0.9	  13.39	  2025-04-15 23:44	  875	KP0	Summarize the key events...	  12.46	    59	 70.20	GKN3-SIMP	You are a helpful and in...			0 Sources, 0 bytes	Apple M1	8	Sonoma v15.2	Apple Mac Mini (2022)	rm231d-os15_Robins-Mac-mini (10.0.0.37)	file:////Users/Shared/Repos/AIDocs_test1/./docs/a11_search-app/25.04.Apr/_t041_qwen2;0.5b_4,1-test on rm231d/a11_t043.01.4.50415.2344_Response.txt
a11_t044.01	 qwen2:0.5b               	 6000	 0.3	   8.12	  2025-04-15 23:44	  528	KP0	Summarize the key events...	   7.26	    75	 72.74	GKN4-DETA	You are a knowledgeable ...			0 Sources, 0 bytes	Apple M1	8	Sonoma v15.2	Apple Mac Mini (2022)	rm231d-os15_Robins-Mac-mini (10.0.0.37)	file:////Users/Shared/Repos/AIDocs_test1/./docs/a11_search-app/25.04.Apr/_t041_qwen2;0.5b_4,1-test on rm231d/a11_t044.01.4.50415.2344_Response.txt
a11_t041.01	 qwen2:0.5b               	 8000	 0.3	  35.66	  2025-04-15 23:46	 2121	KP0	Summarize the key events...	  34.70	    59	 61.12	GKN1-SIMP	You are a helpful and in...			0 Sources, 0 bytes	Apple M1	8	Sonoma v15.2	Apple Mac Mini (2022)	rm231d-os15_Robins-Mac-mini (10.0.0.37)	file:////Users/Shared/Repos/AIDocs_test1/./docs/a11_search-app/25.04.Apr/_t041_qwen2;0.5b_4,1-test on rm231d/a11_t041.01.4.50415.2346_Response.txt
a11_t042.01	 qwen2:0.5b               	16000	 0.6	   8.83	  2025-04-15 23:46	  527	KP0	Summarize the key events...	   7.37	    59	 71.49	GKN2-SIMP	You are a helpful and in...			0 Sources, 0 bytes	Apple M1	8	Sonoma v15.2	Apple Mac Mini (2022)	rm231d-os15_Robins-Mac-mini (10.0.0.37)	file:////Users/Shared/Repos/AIDocs_test1/./docs/a11_search-app/25.04.Apr/_t041_qwen2;0.5b_4,1-test on rm231d/a11_t042.01.4.50415.2346_Response.txt
a11_t043.01	 qwen2:0.5b               	32000	 0.9	   8.70	  2025-04-15 23:46	  561	KP0	Summarize the key events...	   7.79	    59	 72.03	GKN3-SIMP	You are a helpful and in...			0 Sources, 0 bytes	Apple M1	8	Sonoma v15.2	Apple Mac Mini (2022)	rm231d-os15_Robins-Mac-mini (10.0.0.37)	file:////Users/Shared/Repos/AIDocs_test1/./docs/a11_search-app/25.04.Apr/_t041_qwen2;0.5b_4,1-test on rm231d/a11_t043.01.4.50415.2346_Response.txt
a11_t044.01	 qwen2:0.5b               	 6000	 0.3	   9.87	  2025-04-15 23:46	  633	KP0	Summarize the key events...	   8.96	    75	 70.61	GKN4-DETA	You are a knowledgeable ...			0 Sources, 0 bytes	Apple M1	8	Sonoma v15.2	Apple Mac Mini (2022)	rm231d-os15_Robins-Mac-mini (10.0.0.37)	file:////Users/Shared/Repos/AIDocs_test1/./docs/a11_search-app/25.04.Apr/_t041_qwen2;0.5b_4,1-test on rm231d/a11_t044.01.4.50415.2346_Response.txt
a11_t041.01	 qwen2:0.5b               	 8000	 0.3	   4.47	  2025-04-15 23:49	  259	KP0	Summarize the key events...	   3.47	    59	 74.59	GKN1-SIMP	You are a helpful and in...			0 Sources, 0 bytes	Apple M1	8	Sonoma v15.2	Apple Mac Mini (2022)	rm231d-os15_Robins-Mac-mini (10.0.0.37)	file:////Users/Shared/Repos/AIDocs_test1/./docs/a11_search-app/25.04.Apr/_t041_qwen2;0.5b_4,1-test on rm231d/a11_t041.01.4.50415.2349_Response.txt
a11_t041.01	 qwen2:0.5b               	 8000	 0.3	   1.22	  2025-04-15 23:52	   22	KP0	Summarize the key events...	   0.24	    59	 91.48	GKN1-SIMP	You are a helpful and in...			0 Sources, 0 bytes	Apple M1	8	Sonoma v15.2	Apple Mac Mini (2022)	rm231d-os15_Robins-Mac-mini (10.0.0.37)	file:////Users/Shared/Repos/AIDocs_test1/./docs/a11_search-app/25.04.Apr/_t041_qwen2;0.5b_4,1-test on rm231d/a11_t041.01.4.50415.2352_Response.txt
a11_t042.01	 qwen2:0.5b               	16000	 0.6	   1.66	  2025-04-15 23:52	   23	KP0	Summarize the key events...	   0.23	    59	100.78	GKN2-SIMP	You are a helpful and in...			0 Sources, 0 bytes	Apple M1	8	Sonoma v15.2	Apple Mac Mini (2022)	rm231d-os15_Robins-Mac-mini (10.0.0.37)	file:////Users/Shared/Repos/AIDocs_test1/./docs/a11_search-app/25.04.Apr/_t041_qwen2;0.5b_4,1-test on rm231d/a11_t042.01.4.50415.2352_Response.txt
a11_t043.01	 qwen2:0.5b               	32000	 0.9	   8.49	  2025-04-15 23:52	  548	KP0	Summarize the key events...	   7.57	    59	 72.42	GKN3-SIMP	You are a helpful and in...			0 Sources, 0 bytes	Apple M1	8	Sonoma v15.2	Apple Mac Mini (2022)	rm231d-os15_Robins-Mac-mini (10.0.0.37)	file:////Users/Shared/Repos/AIDocs_test1/./docs/a11_search-app/25.04.Apr/_t041_qwen2;0.5b_4,1-test on rm231d/a11_t043.01.4.50415.2352_Response.txt
a11_t044.01	 qwen2:0.5b               	 6000	 0.3	   7.56	  2025-04-15 23:52	  477	KP0	Summarize the key events...	   6.65	    75	 71.68	GKN4-DETA	You are a knowledgeable ...			0 Sources, 0 bytes	Apple M1	8	Sonoma v15.2	Apple Mac Mini (2022)	rm231d-os15_Robins-Mac-mini (10.0.0.37)	file:////Users/Shared/Repos/AIDocs_test1/./docs/a11_search-app/25.04.Apr/_t041_qwen2;0.5b_4,1-test on rm231d/a11_t044.01.4.50415.2352_Response.txt
a11_t041.01	 qwen2:0.5b               	 8000	 0.3	   1.12	  2025-04-15 23:54	   20	KP0	Summarize the key events...	   0.20	    59	 99.45	GKN1-SIMP	You are a helpful and in...			0 Sources, 0 bytes	Apple M1	8	Sonoma v15.2	Apple Mac Mini (2022)	rm231d-os15_Robins-Mac-mini (10.0.0.37)	file:////Users/Shared/Repos/AIDocs_test1/./docs/a11_search-app/25.04.Apr/_t041_qwen2;0.5b_4,1-test on rm231d/a11_t041.01.4.50415.2354_Response.txt
a11_t042.01	 qwen2:0.5b               	16000	 0.6	  10.04	  2025-04-15 23:54	  603	KP0	Summarize the key events...	   8.54	    59	 70.60	GKN2-SIMP	You are a helpful and in...			0 Sources, 0 bytes	Apple M1	8	Sonoma v15.2	Apple Mac Mini (2022)	rm231d-os15_Robins-Mac-mini (10.0.0.37)	file:////Users/Shared/Repos/AIDocs_test1/./docs/a11_search-app/25.04.Apr/_t041_qwen2;0.5b_4,1-test on rm231d/a11_t042.01.4.50415.2354_Response.txt
a11_t043.01	 qwen2:0.5b               	32000	 0.9	   1.03	  2025-04-15 23:54	   15	KP0	Summarize the key events...	   0.14	    59	108.18	GKN3-SIMP	You are a helpful and in...			0 Sources, 0 bytes	Apple M1	8	Sonoma v15.2	Apple Mac Mini (2022)	rm231d-os15_Robins-Mac-mini (10.0.0.37)	file:////Users/Shared/Repos/AIDocs_test1/./docs/a11_search-app/25.04.Apr/_t041_qwen2;0.5b_4,1-test on rm231d/a11_t043.01.4.50415.2354_Response.txt
a11_t044.01	 qwen2:0.5b               	 6000	 0.3	   8.88	  2025-04-15 23:54	  576	KP0	Summarize the key events...	   8.01	    75	 71.94	GKN4-DETA	You are a knowledgeable ...			0 Sources, 0 bytes	Apple M1	8	Sonoma v15.2	Apple Mac Mini (2022)	rm231d-os15_Robins-Mac-mini (10.0.0.37)	file:////Users/Shared/Repos/AIDocs_test1/./docs/a11_search-app/25.04.Apr/_t041_qwen2;0.5b_4,1-test on rm231d/a11_t044.01.4.50415.2354_Response.txt
a11_t041.01	 qwen2:0.5b               	 8000	 0.3	   8.63	  2025-04-15 23:58	  542	KP0	Summarize the key events...	   7.61	    59	 71.25	GKN1-SIMP	You are a helpful and in...			0 Sources, 0 bytes	Apple M1	8	Sonoma v15.2	Apple Mac Mini (2022)	rm231d-os15_Robins-Mac-mini (10.0.0.37)	file:////Users/Shared/Repos/AIDocs_test1/./docs/a11_search-app/25.04.Apr/_t041_qwen2;0.5b_4,1-test on rm231d/a11_t041.01.4.50415.2358_Response.txt
a11_t042.01	 qwen2:0.5b               	16000	 0.6	   8.78	  2025-04-15 23:58	  520	KP0	Summarize the key events...	   7.26	    59	 71.61	GKN2-SIMP	You are a helpful and in...			0 Sources, 0 bytes	Apple M1	8	Sonoma v15.2	Apple Mac Mini (2022)	rm231d-os15_Robins-Mac-mini (10.0.0.37)	file:////Users/Shared/Repos/AIDocs_test1/./docs/a11_search-app/25.04.Apr/_t041_qwen2;0.5b_4,1-test on rm231d/a11_t042.01.4.50415.2358_Response.txt
a11_t041.01	 qwen2:0.5b               	 8000	 0.3	  12.38	  2025-04-15 23:58	  805	KP0	Summarize the key events...	  11.49	    59	 70.08	GKN1-SIMP	You are a helpful and in...			0 Sources, 0 bytes	Apple M1	8	Sonoma v15.2	Apple Mac Mini (2022)	rm231d-os15_Robins-Mac-mini (10.0.0.37)	file:////Users/Shared/Repos/AIDocs_test1/./docs/a11_search-app/25.04.Apr/_t041_qwen2;0.5b_4,1-test on rm231d/a11_t041.01.4.50415.2356_Response.txt
a11_t042.01	 qwen2:0.5b               	16000	 0.6	   9.16	  2025-04-15 23:59	  549	KP0	Summarize the key events...	   7.65	    59	 71.75	GKN2-SIMP	You are a helpful and in...			0 Sources, 0 bytes	Apple M1	8	Sonoma v15.2	Apple Mac Mini (2022)	rm231d-os15_Robins-Mac-mini (10.0.0.37)	file:////Users/Shared/Repos/AIDocs_test1/./docs/a11_search-app/25.04.Apr/_t041_qwen2;0.5b_4,1-test on rm231d/a11_t042.01.4.50415.2356_Response.txt
a11_t041.01	 qwen2:0.5b               	 8000	 0.3	  15.06	  2025-04-16 00:01	  972	KP0	Summarize the key events...	  14.07	    59	 69.10	GKN1-SIMP	You are a helpful and in...			0 Sources, 0 bytes	Apple M1	8	Sonoma v15.2	Apple Mac Mini (2022)	rm231d-os15_Robins-Mac-mini (10.0.0.37)	file:////Users/Shared/Repos/AIDocs_test1/./docs/a11_search-app/25.04.Apr/_t041_qwen2;0.5b_4,1-test on rm231d/a11_t041.01.4.50416.0001_Response.txt
a11_t042.01	 qwen2:0.5b               	16000	 0.6	   1.71	  2025-04-16 00:02	   22	KP0	Summarize the key events...	   0.21	    59	102.59	GKN2-SIMP	You are a helpful and in...			0 Sources, 0 bytes	Apple M1	8	Sonoma v15.2	Apple Mac Mini (2022)	rm231d-os15_Robins-Mac-mini (10.0.0.37)	file:////Users/Shared/Repos/AIDocs_test1/./docs/a11_search-app/25.04.Apr/_t041_qwen2;0.5b_4,1-test on rm231d/a11_t042.01.4.50416.0001_Response.txt
a11_t043.01	 qwen2:0.5b               	32000	 0.9	   7.25	  2025-04-16 00:02	  468	KP0	Summarize the key events...	   6.35	    59	 73.75	GKN3-SIMP	You are a helpful and in...			0 Sources, 0 bytes	Apple M1	8	Sonoma v15.2	Apple Mac Mini (2022)	rm231d-os15_Robins-Mac-mini (10.0.0.37)	file:////Users/Shared/Repos/AIDocs_test1/./docs/a11_search-app/25.04.Apr/_t041_qwen2;0.5b_4,1-test on rm231d/a11_t043.01.4.50416.0001_Response.txt
a11_t044.01	 qwen2:0.5b               	 6000	 0.3	   6.68	  2025-04-16 00:02	  421	KP0	Summarize the key events...	   5.79	    75	 72.68	GKN4-DETA	You are a knowledgeable ...			0 Sources, 0 bytes	Apple M1	8	Sonoma v15.2	Apple Mac Mini (2022)	rm231d-os15_Robins-Mac-mini (10.0.0.37)	file:////Users/Shared/Repos/AIDocs_test1/./docs/a11_search-app/25.04.Apr/_t041_qwen2;0.5b_4,1-test on rm231d/a11_t044.01.4.50416.0001_Response.txt
a11_t041.01	 qwen2:0.5b               	 8000	 0.3	  12.26	  2025-04-16 00:05	  781	KP0	Summarize the key events...	  11.24	    59	 69.51	GKN1-SIMP	You are a helpful and in...			0 Sources, 0 bytes	Apple M1	8	Sonoma v15.2	Apple Mac Mini (2022)	rm231d-os15_Robins-Mac-mini (10.0.0.37)	file:////Users/Shared/Repos/AIDocs_test1/./docs/a11_search-app/25.04.Apr/_t041_qwen2;0.5b_4,1-test on rm231d/a11_t041.01.4.50416.0005_Response.txt
a11_t042.01	 qwen2:0.5b               	16000	 0.6	   2.00	  2025-04-16 00:05	   46	KP0	Summarize the key events...	   0.55	    59	 84.03	GKN2-SIMP	You are a helpful and in...			0 Sources, 0 bytes	Apple M1	8	Sonoma v15.2	Apple Mac Mini (2022)	rm231d-os15_Robins-Mac-mini (10.0.0.37)	file:////Users/Shared/Repos/AIDocs_test1/./docs/a11_search-app/25.04.Apr/_t041_qwen2;0.5b_4,1-test on rm231d/a11_t042.01.4.50416.0005_Response.txt
a11_t043.01	 qwen2:0.5b               	32000	 0.9	  15.63	  2025-04-16 00:05	 1005	KP0	Summarize the key events...	  14.66	    59	 68.57	GKN3-SIMP	You are a helpful and in...			0 Sources, 0 bytes	Apple M1	8	Sonoma v15.2	Apple Mac Mini (2022)	rm231d-os15_Robins-Mac-mini (10.0.0.37)	file:////Users/Shared/Repos/AIDocs_test1/./docs/a11_search-app/25.04.Apr/_t041_qwen2;0.5b_4,1-test on rm231d/a11_t043.01.4.50416.0005_Response.txt
a11_t044.01	 qwen2:0.5b               	 6000	 0.3	   1.38	  2025-04-16 00:06	   39	KP0	Summarize the key events...	   0.48	    75	 80.85	GKN4-DETA	You are a knowledgeable ...			0 Sources, 0 bytes	Apple M1	8	Sonoma v15.2	Apple Mac Mini (2022)	rm231d-os15_Robins-Mac-mini (10.0.0.37)	file:////Users/Shared/Repos/AIDocs_test1/./docs/a11_search-app/25.04.Apr/_t041_qwen2;0.5b_4,1-test on rm231d/a11_t044.01.4.50416.0005_Response.txt
a11_t041.01	 qwen2:0.5b               	 8000	 0.3	  10.34	  2025-04-16 00:06	  675	KP0	Summarize the key events...	   9.44	    59	 71.51	GKN1-SIMP	You are a helpful and in...			0 Sources, 0 bytes	Apple M1	8	Sonoma v15.2	Apple Mac Mini (2022)	rm231d-os15_Robins-Mac-mini (10.0.0.37)	file:////Users/Shared/Repos/AIDocs_test1/./docs/a11_search-app/25.04.Apr/_t041_qwen2;0.5b_4,1-test on rm231d/a11_t041.01.4.50416.0006_Response.txt
a11_t042.01	 qwen2:0.5b               	16000	 0.6	   8.10	  2025-04-16 00:06	  480	KP0	Summarize the key events...	   6.62	    59	 72.52	GKN2-SIMP	You are a helpful and in...			0 Sources, 0 bytes	Apple M1	8	Sonoma v15.2	Apple Mac Mini (2022)	rm231d-os15_Robins-Mac-mini (10.0.0.37)	file:////Users/Shared/Repos/AIDocs_test1/./docs/a11_search-app/25.04.Apr/_t041_qwen2;0.5b_4,1-test on rm231d/a11_t042.01.4.50416.0006_Response.txt
a11_t043.01	 qwen2:0.5b               	32000	 0.9	   1.16	  2025-04-16 00:06	   23	KP0	Summarize the key events...	   0.25	    59	 91.44	GKN3-SIMP	You are a helpful and in...			0 Sources, 0 bytes	Apple M1	8	Sonoma v15.2	Apple Mac Mini (2022)	rm231d-os15_Robins-Mac-mini (10.0.0.37)	file:////Users/Shared/Repos/AIDocs_test1/./docs/a11_search-app/25.04.Apr/_t041_qwen2;0.5b_4,1-test on rm231d/a11_t043.01.4.50416.0006_Response.txt
a11_t044.01	 qwen2:0.5b               	 6000	 0.3	   7.68	  2025-04-16 00:06	  491	KP0	Summarize the key events...	   6.78	    75	 72.44	GKN4-DETA	You are a knowledgeable ...			0 Sources, 0 bytes	Apple M1	8	Sonoma v15.2	Apple Mac Mini (2022)	rm231d-os15_Robins-Mac-mini (10.0.0.37)	file:////Users/Shared/Repos/AIDocs_test1/./docs/a11_search-app/25.04.Apr/_t041_qwen2;0.5b_4,1-test on rm231d/a11_t044.01.4.50416.0006_Response.txt
a11_t041.01	 qwen2:0.5b               	 8000	 0.3	   8.90	  2025-04-16 00:07	  577	KP0	Summarize the key events...	   8.01	    59	 72.04	GKN1-SIMP	You are a helpful and in...			0 Sources, 0 bytes	Apple M1	8	Sonoma v15.2	Apple Mac Mini (2022)	rm231d-os15_Robins-Mac-mini (10.0.0.37)	file:////Users/Shared/Repos/AIDocs_test1/./docs/a11_search-app/25.04.Apr/_t041_qwen2;0.5b_4,1-test on rm231d/a11_t041.01.4.50416.0007_Response.txt
a11_t042.01	 qwen2:0.5b               	16000	 0.6	   7.67	  2025-04-16 00:07	  453	KP0	Summarize the key events...	   6.34	    59	 71.42	GKN2-SIMP	You are a helpful and in...			0 Sources, 0 bytes	Apple M1	8	Sonoma v15.2	Apple Mac Mini (2022)	rm231d-os15_Robins-Mac-mini (10.0.0.37)	file:////Users/Shared/Repos/AIDocs_test1/./docs/a11_search-app/25.04.Apr/_t041_qwen2;0.5b_4,1-test on rm231d/a11_t042.01.4.50416.0007_Response.txt
a11_t043.01	 qwen2:0.5b               	32000	 0.9	  12.28	  2025-04-16 00:07	  801	KP0	Summarize the key events...	  11.38	    59	 70.38	GKN3-SIMP	You are a helpful and in...			0 Sources, 0 bytes	Apple M1	8	Sonoma v15.2	Apple Mac Mini (2022)	rm231d-os15_Robins-Mac-mini (10.0.0.37)	file:////Users/Shared/Repos/AIDocs_test1/./docs/a11_search-app/25.04.Apr/_t041_qwen2;0.5b_4,1-test on rm231d/a11_t043.01.4.50416.0007_Response.txt
a11_t044.01	 qwen2:0.5b               	 6000	 0.3	   6.86	  2025-04-16 00:07	  438	KP0	Summarize the key events...	   5.97	    75	 73.39	GKN4-DETA	You are a knowledgeable ...			0 Sources, 0 bytes	Apple M1	8	Sonoma v15.2	Apple Mac Mini (2022)	rm231d-os15_Robins-Mac-mini (10.0.0.37)	file:////Users/Shared/Repos/AIDocs_test1/./docs/a11_search-app/25.04.Apr/_t041_qwen2;0.5b_4,1-test on rm231d/a11_t044.01.4.50416.0007_Response.txt
a11_t041.01	 qwen2:0.5b               	 8000	 0.3	   6.57	  2025-04-16 00:07	  414	KP0	Summarize the key events...	   5.68	    59	 72.86	GKN1-SIMP	You are a helpful and in...			0 Sources, 0 bytes	Apple M1	8	Sonoma v15.2	Apple Mac Mini (2022)	rm231d-os15_Robins-Mac-mini (10.0.0.37)	file:////Users/Shared/Repos/AIDocs_test1/./docs/a11_search-app/25.04.Apr/_t041_qwen2;0.5b_4,1-test on rm231d/a11_t041.01.4.50416.0007_Response.txt
a11_t042.01	 qwen2:0.5b               	16000	 0.6	   8.01	  2025-04-16 00:08	  471	KP0	Summarize the key events...	   6.51	    59	 72.40	GKN2-SIMP	You are a helpful and in...			0 Sources, 0 bytes	Apple M1	8	Sonoma v15.2	Apple Mac Mini (2022)	rm231d-os15_Robins-Mac-mini (10.0.0.37)	file:////Users/Shared/Repos/AIDocs_test1/./docs/a11_search-app/25.04.Apr/_t041_qwen2;0.5b_4,1-test on rm231d/a11_t042.01.4.50416.0007_Response.txt
a11_t043.01	 qwen2:0.5b               	32000	 0.9	   6.65	  2025-04-16 00:08	  427	KP0	Summarize the key events...	   5.74	    59	 74.39	GKN3-SIMP	You are a helpful and in...			0 Sources, 0 bytes	Apple M1	8	Sonoma v15.2	Apple Mac Mini (2022)	rm231d-os15_Robins-Mac-mini (10.0.0.37)	file:////Users/Shared/Repos/AIDocs_test1/./docs/a11_search-app/25.04.Apr/_t041_qwen2;0.5b_4,1-test on rm231d/a11_t043.01.4.50416.0007_Response.txt
a11_t044.01	 qwen2:0.5b               	 6000	 0.3	   8.44	  2025-04-16 00:08	  551	KP0	Summarize the key events...	   7.54	    75	 73.09	GKN4-DETA	You are a knowledgeable ...			0 Sources, 0 bytes	Apple M1	8	Sonoma v15.2	Apple Mac Mini (2022)	rm231d-os15_Robins-Mac-mini (10.0.0.37)	file:////Users/Shared/Repos/AIDocs_test1/./docs/a11_search-app/25.04.Apr/_t041_qwen2;0.5b_4,1-test on rm231d/a11_t044.01.4.50416.0007_Response.txt
a11_t041.01	 qwen2:0.5b               	 8000	 0.3	  15.32	  2025-04-16 00:09	  992	KP0	Summarize the key events...	  14.39	    59	 68.95	GKN1-SIMP	You are a helpful and in...			0 Sources, 0 bytes	Apple M1	8	Sonoma v15.2	Apple Mac Mini (2022)	rm231d-os15_Robins-Mac-mini (10.0.0.37)	file:////Users/Shared/Repos/AIDocs_test1/./docs/a11_search-app/25.04.Apr/_t041_qwen2;0.5b_4,1-test on rm231d/a11_t041.01.4.50416.0009_Response.txt
a11_t042.01	 qwen2:0.5b               	16000	 0.6	   9.03	  2025-04-16 00:09	  556	KP0	Summarize the key events...	   7.74	    59	 71.80	GKN2-SIMP	You are a helpful and in...			0 Sources, 0 bytes	Apple M1	8	Sonoma v15.2	Apple Mac Mini (2022)	rm231d-os15_Robins-Mac-mini (10.0.0.37)	file:////Users/Shared/Repos/AIDocs_test1/./docs/a11_search-app/25.04.Apr/_t041_qwen2;0.5b_4,1-test on rm231d/a11_t042.01.4.50416.0009_Response.txt
a11_t043.01	 qwen2:0.5b               	32000	 0.9	   1.09	  2025-04-16 00:10	   21	KP0	Summarize the key events...	   0.21	    59	 99.51	GKN3-SIMP	You are a helpful and in...			0 Sources, 0 bytes	Apple M1	8	Sonoma v15.2	Apple Mac Mini (2022)	rm231d-os15_Robins-Mac-mini (10.0.0.37)	file:////Users/Shared/Repos/AIDocs_test1/./docs/a11_search-app/25.04.Apr/_t041_qwen2;0.5b_4,1-test on rm231d/a11_t043.01.4.50416.0009_Response.txt
a11_t044.01	 qwen2:0.5b               	 6000	 0.3	   9.19	  2025-04-16 00:10	  591	KP0	Summarize the key events...	   8.30	    75	 71.20	GKN4-DETA	You are a knowledgeable ...			0 Sources, 0 bytes	Apple M1	8	Sonoma v15.2	Apple Mac Mini (2022)	rm231d-os15_Robins-Mac-mini (10.0.0.37)	file:////Users/Shared/Repos/AIDocs_test1/./docs/a11_search-app/25.04.Apr/_t041_qwen2;0.5b_4,1-test on rm231d/a11_t044.01.4.50416.0009_Response.txt
a11_t041.01	 qwen2:0.5b               	 8000	 0.3	   5.96	  2025-04-16 00:10	  372	KP0	Summarize the key events...	   5.04	    59	 73.74	GKN1-SIMP	You are a helpful and in...			0 Sources, 0 bytes	Apple M1	8	Sonoma v15.2	Apple Mac Mini (2022)	rm231d-os15_Robins-Mac-mini (10.0.0.37)	file:////Users/Shared/Repos/AIDocs_test1/./docs/a11_search-app/25.04.Apr/_t041_qwen2;0.5b_4,1-test on rm231d/a11_t041.01.4.50416.0010_Response.txt
a11_t042.01	 qwen2:0.5b               	16000	 0.6	  11.61	  2025-04-16 00:10	  713	KP0	Summarize the key events...	  10.15	    59	 70.23	GKN2-SIMP	You are a helpful and in...			0 Sources, 0 bytes	Apple M1	8	Sonoma v15.2	Apple Mac Mini (2022)	rm231d-os15_Robins-Mac-mini (10.0.0.37)	file:////Users/Shared/Repos/AIDocs_test1/./docs/a11_search-app/25.04.Apr/_t041_qwen2;0.5b_4,1-test on rm231d/a11_t042.01.4.50416.0010_Response.txt
a11_t043.01	 qwen2:0.5b               	32000	 0.9	   1.16	  2025-04-16 00:11	   25	KP0	Summarize the key events...	   0.27	    59	 93.60	GKN3-SIMP	You are a helpful and in...			0 Sources, 0 bytes	Apple M1	8	Sonoma v15.2	Apple Mac Mini (2022)	rm231d-os15_Robins-Mac-mini (10.0.0.37)	file:////Users/Shared/Repos/AIDocs_test1/./docs/a11_search-app/25.04.Apr/_t041_qwen2;0.5b_4,1-test on rm231d/a11_t043.01.4.50416.0010_Response.txt
a11_t044.01	 qwen2:0.5b               	 6000	 0.3	  10.23	  2025-04-16 00:11	  665	KP0	Summarize the key events...	   9.33	    75	 71.28	GKN4-DETA	You are a knowledgeable ...			0 Sources, 0 bytes	Apple M1	8	Sonoma v15.2	Apple Mac Mini (2022)	rm231d-os15_Robins-Mac-mini (10.0.0.37)	file:////Users/Shared/Repos/AIDocs_test1/./docs/a11_search-app/25.04.Apr/_t041_qwen2;0.5b_4,1-test on rm231d/a11_t044.01.4.50416.0010_Response.txt
a11_t041.01	 qwen2:0.5b               	 8000	 0.3	   8.67	  2025-04-16 00:11	  559	KP0	Summarize the key events...	   7.78	    59	 71.81	GKN1-SIMP	You are a helpful and in...			0 Sources, 0 bytes	Apple M1	8	Sonoma v15.2	Apple Mac Mini (2022)	rm231d-os15_Robins-Mac-mini (10.0.0.37)	file:////Users/Shared/Repos/AIDocs_test1/./docs/a11_search-app/25.04.Apr/_t041_qwen2;0.5b_4,1-test on rm231d/a11_t041.01.4.50416.0011_Response.txt
a11_t042.01	 qwen2:0.5b               	16000	 0.6	   9.85	  2025-04-16 00:11	  601	KP0	Summarize the key events...	   8.40	    59	 71.55	GKN2-SIMP	You are a helpful and in...			0 Sources, 0 bytes	Apple M1	8	Sonoma v15.2	Apple Mac Mini (2022)	rm231d-os15_Robins-Mac-mini (10.0.0.37)	file:////Users/Shared/Repos/AIDocs_test1/./docs/a11_search-app/25.04.Apr/_t041_qwen2;0.5b_4,1-test on rm231d/a11_t042.01.4.50416.0011_Response.txt
a11_t043.01	 qwen2:0.5b               	32000	 0.9	   8.45	  2025-04-16 00:11	  545	KP0	Summarize the key events...	   7.52	    59	 72.49	GKN3-SIMP	You are a helpful and in...			0 Sources, 0 bytes	Apple M1	8	Sonoma v15.2	Apple Mac Mini (2022)	rm231d-os15_Robins-Mac-mini (10.0.0.37)	file:////Users/Shared/Repos/AIDocs_test1/./docs/a11_search-app/25.04.Apr/_t041_qwen2;0.5b_4,1-test on rm231d/a11_t043.01.4.50416.0011_Response.txt
a11_t044.01	 qwen2:0.5b               	 6000	 0.3	   7.32	  2025-04-16 00:12	  467	KP0	Summarize the key events...	   6.42	    75	 72.74	GKN4-DETA	You are a knowledgeable ...			0 Sources, 0 bytes	Apple M1	8	Sonoma v15.2	Apple Mac Mini (2022)	rm231d-os15_Robins-Mac-mini (10.0.0.37)	file:////Users/Shared/Repos/AIDocs_test1/./docs/a11_search-app/25.04.Apr/_t041_qwen2;0.5b_4,1-test on rm231d/a11_t044.01.4.50416.0011_Response.txt
a11_t041.01	 qwen2:0.5b               	 8000	 0.3	   2.13	  2025-04-16 04:20	   51	KP0	Summarize the key events...	   0.61	    59	 84.11	GKN1-SIMP	You are a helpful and in...			0 Sources, 0 bytes	Apple M1	8	Sonoma v15.2	Apple Mac Mini (2022)	rm231d-os15_Robins-Mac-mini (10.0.0.37)	file:////Users/Shared/Repos/AIDocs_test1/./docs/a11_search-app/25.04.Apr/_t041_qwen2;0.5b_4,1-test on rm231d/a11_t041.01.4.50416.0000_Response.txt
a11_t042.01	 qwen2:0.5b               	16000	 0.6	   8.37	  2025-04-16 04:20	  518	KP0	Summarize the key events...	   7.18	    59	 72.18	GKN2-SIMP	You are a helpful and in...			0 Sources, 0 bytes	Apple M1	8	Sonoma v15.2	Apple Mac Mini (2022)	rm231d-os15_Robins-Mac-mini (10.0.0.37)	file:////Users/Shared/Repos/AIDocs_test1/./docs/a11_search-app/25.04.Apr/_t041_qwen2;0.5b_4,1-test on rm231d/a11_t042.01.4.50416.0000_Response.txt
a11_t041.01	 qwen2:0.5b               	16000	 0.3	   7.99	  2025-04-16 09:55	  394	KP0	Summarize the key events...	   5.37	    32	 73.33	GKN1-SIMP	Please use the informati...			0 Sources, 0 bytes	Apple M1	8	Sonoma v15.2	Apple Mac Mini (2022)	rm231d-os15_Robins-Mac-mini (10.0.0.37)	file:////Users/Shared/Repos/AIDocs_test1/./docs/a11_search-app/25.04.Apr/_t041_qwen2;0.5b_1,1-test on rm231d/a11_t041.01.4.50416.0955_Response.txt
a11_t041.01	 qwen2:0.5b               	 8000	 0.3	   6.88	  2025-04-16 09:57	  418	KP0	Summarize the key events...	   5.78	    61	 72.33	GKN1-SIMP	You are a helpful and in...			0 Sources, 0 bytes	Apple M1	8	Sonoma v15.2	Apple Mac Mini (2022)	rm231d-os15_Robins-Mac-mini (10.0.0.37)	file:////Users/Shared/Repos/AIDocs_test1/./docs/a11_search-app/25.04.Apr/_t041_qwen2;0.5b_4,1-test on rm231d/a11_t041.01.4.50416.0957_Response.txt
a11_t042.01	 qwen2:0.5b               	16000	 0.6	   8.14	  2025-04-16 09:57	  469	KP0	Summarize the key events...	   6.49	    61	 72.27	GKN2-SIMP	You are a helpful and in...			0 Sources, 0 bytes	Apple M1	8	Sonoma v15.2	Apple Mac Mini (2022)	rm231d-os15_Robins-Mac-mini (10.0.0.37)	file:////Users/Shared/Repos/AIDocs_test1/./docs/a11_search-app/25.04.Apr/_t041_qwen2;0.5b_4,1-test on rm231d/a11_t042.01.4.50416.0957_Response.txt
a11_t043.01	 qwen2:0.5b               	32000	 0.9	   8.03	  2025-04-16 09:57	  522	KP0	Summarize the key events...	   7.12	    61	 73.30	GKN3-SIMP	You are a helpful and in...			0 Sources, 0 bytes	Apple M1	8	Sonoma v15.2	Apple Mac Mini (2022)	rm231d-os15_Robins-Mac-mini (10.0.0.37)	file:////Users/Shared/Repos/AIDocs_test1/./docs/a11_search-app/25.04.Apr/_t041_qwen2;0.5b_4,1-test on rm231d/a11_t043.01.4.50416.0957_Response.txt
a11_t044.01	 qwen2:0.5b               	 6000	 0.3	   8.94	  2025-04-16 09:57	  575	KP0	Summarize the key events...	   8.04	    77	 71.48	GKN4-DETA	You are a knowledgeable ...			0 Sources, 0 bytes	Apple M1	8	Sonoma v15.2	Apple Mac Mini (2022)	rm231d-os15_Robins-Mac-mini (10.0.0.37)	file:////Users/Shared/Repos/AIDocs_test1/./docs/a11_search-app/25.04.Apr/_t041_qwen2;0.5b_4,1-test on rm231d/a11_t044.01.4.50416.0957_Response.txt
a11_t041.01	 qwen2:0.5b               	16000	 0.3	   5.43	  2025-04-16 09:58	  307	KP0	Summarize the key events...	   4.14	    32	 74.23	GKN1-SIMP	Please use the informati...			0 Sources, 0 bytes	Apple M1	8	Sonoma v15.2	Apple Mac Mini (2022)	rm231d-os15_Robins-Mac-mini (10.0.0.37)	file:////Users/Shared/Repos/AIDocs_test1/./docs/a11_search-app/25.04.Apr/_t041_qwen2;0.5b_1,1-test on rm231d/a11_t041.01.4.50416.0958_Response.txt
a11_t041.01	 qwen2:0.5b               	16000	 0.3	   5.53	  2025-04-16 10:01	  368	KP0	Summarize the key events...	   4.99	    32	 73.77	GKN1-SIMP	Please use the informati...			0 Sources, 0 bytes	Apple M1	8	Sonoma v15.2	Apple Mac Mini (2022)	rm231d-os15_Robins-Mac-mini (10.0.0.37)	file:////Users/Shared/Repos/AIDocs_test1/./docs/a11_search-app/25.04.Apr/_t041_qwen2;0.5b_1,1-test on rm231d/a11_t041.01.4.50416.1001_Response.txt
a11_t041.01	 qwen2:0.5b               	 8000	 0.3	   7.54	  2025-04-16 10:01	  484	KP0	Summarize the key events...	   6.63	    61	 72.96	GKN1-SIMP	You are a helpful and in...			0 Sources, 0 bytes	Apple M1	8	Sonoma v15.2	Apple Mac Mini (2022)	rm231d-os15_Robins-Mac-mini (10.0.0.37)	file:////Users/Shared/Repos/AIDocs_test1/./docs/a11_search-app/25.04.Apr/_t041_qwen2;0.5b_4,1-test on rm231d/a11_t041.01.4.50416.1001_Response.txt
a11_t042.01	 qwen2:0.5b               	16000	 0.6	   7.42	  2025-04-16 10:01	  456	KP0	Summarize the key events...	   6.33	    61	 72.09	GKN2-SIMP	You are a helpful and in...			0 Sources, 0 bytes	Apple M1	8	Sonoma v15.2	Apple Mac Mini (2022)	rm231d-os15_Robins-Mac-mini (10.0.0.37)	file:////Users/Shared/Repos/AIDocs_test1/./docs/a11_search-app/25.04.Apr/_t041_qwen2;0.5b_4,1-test on rm231d/a11_t042.01.4.50416.1001_Response.txt
a11_t043.01	 qwen2:0.5b               	32000	 0.9	   8.12	  2025-04-16 10:01	  527	KP0	Summarize the key events...	   7.19	    61	 73.27	GKN3-SIMP	You are a helpful and in...			0 Sources, 0 bytes	Apple M1	8	Sonoma v15.2	Apple Mac Mini (2022)	rm231d-os15_Robins-Mac-mini (10.0.0.37)	file:////Users/Shared/Repos/AIDocs_test1/./docs/a11_search-app/25.04.Apr/_t041_qwen2;0.5b_4,1-test on rm231d/a11_t043.01.4.50416.1001_Response.txt
a11_t044.01	 qwen2:0.5b               	 6000	 0.3	   9.13	  2025-04-16 10:01	  589	KP0	Summarize the key events...	   8.24	    77	 71.51	GKN4-DETA	You are a knowledgeable ...			0 Sources, 0 bytes	Apple M1	8	Sonoma v15.2	Apple Mac Mini (2022)	rm231d-os15_Robins-Mac-mini (10.0.0.37)	file:////Users/Shared/Repos/AIDocs_test1/./docs/a11_search-app/25.04.Apr/_t041_qwen2;0.5b_4,1-test on rm231d/a11_t044.01.4.50416.1001_Response.txt
a11_t041.01	 qwen2:0.5b               	16000	 0.3	   7.28	  2025-04-16 10:02	  427	KP0	Summarize the key events...	   5.77	    32	 74.02	GKN1-SIMP	Please use the informati...			0 Sources, 0 bytes	Apple M1	8	Sonoma v15.2	Apple Mac Mini (2022)	rm231d-os15_Robins-Mac-mini (10.0.0.37)	file:////Users/Shared/Repos/AIDocs_test1/./docs/a11_search-app/25.04.Apr/_t041_qwen2;0.5b_1,1-test on rm231d/a11_t041.01.4.50416.1002_Response.txt
a11_t042.01	 qwen2:0.5b               	 8000	 0.3	   9.22	  2025-04-16 10:02	  598	KN1	Explain the key differen...	   8.31	    61	 72.00	GKN1-SIMP	You are a helpful and in...			0 Sources, 0 bytes	Apple M1	8	Sonoma v15.2	Apple Mac Mini (2022)	rm231d-os15_Robins-Mac-mini (10.0.0.37)	file:////Users/Shared/Repos/AIDocs_test1/./docs/a11_search-app/25.04.Apr/_t042_qwen2;0.5b_1,2-tests on rm231d/a11_t042.01.4.50416.1002_Response.txt
a11_t042.02	 qwen2:0.5b               	 8000	 0.3	   1.89	  2025-04-16 10:03	  134	KN2	Summarize the major clim...	   1.80	    63	 74.39	GKN1-SIMP	You are a helpful and in...			0 Sources, 0 bytes	Apple M1	8	Sonoma v15.2	Apple Mac Mini (2022)	rm231d-os15_Robins-Mac-mini (10.0.0.37)	file:////Users/Shared/Repos/AIDocs_test1/./docs/a11_search-app/25.04.Apr/_t042_qwen2;0.5b_1,2-tests on rm231d/a11_t042.02.4.50416.1002_Response.txt
a11_t041.01	 qwen2:0.5b               	16000	 0.3	   8.44	  2025-04-16 10:06	  501	KP0	Summarize the key events...	   6.90	    32	 72.62	GKN1-SIMP	Please use the informati...			0 Sources, 0 bytes	Apple M1	8	Sonoma v15.2	Apple Mac Mini (2022)	rm231d-os15_Robins-Mac-mini (10.0.0.37)	file:////Users/Shared/Repos/AIDocs_test1/./docs/a11_search-app/25.04.Apr/_t041_qwen2;0.5b_1,1-test on rm231d/a11_t041.01.4.50416.1006_Response.txt
a11_t042.01	 qwen2:0.5b               	 8000	 0.3	   6.16	  2025-04-16 10:06	  382	KN1	Explain the key differen...	   5.25	    61	 72.82	GKN1-SIMP	You are a helpful and in...			0 Sources, 0 bytes	Apple M1	8	Sonoma v15.2	Apple Mac Mini (2022)	rm231d-os15_Robins-Mac-mini (10.0.0.37)	file:////Users/Shared/Repos/AIDocs_test1/./docs/a11_search-app/25.04.Apr/_t042_qwen2;0.5b_1,2-tests on rm231d/a11_t042.01.4.50416.1006_Response.txt
a11_t042.02	 qwen2:0.5b               	 8000	 0.3	   4.36	  2025-04-16 10:06	  313	KN2	Summarize the major clim...	   4.27	    63	 73.31	GKN1-SIMP	You are a helpful and in...			0 Sources, 0 bytes	Apple M1	8	Sonoma v15.2	Apple Mac Mini (2022)	rm231d-os15_Robins-Mac-mini (10.0.0.37)	file:////Users/Shared/Repos/AIDocs_test1/./docs/a11_search-app/25.04.Apr/_t042_qwen2;0.5b_1,2-tests on rm231d/a11_t042.02.4.50416.1006_Response.txt
a11_t041.01	 qwen2:0.5b               	16000	 0.3	   0.90	  2025-04-19 08:36	   32	KP0	Summarize the key events...	   0.33	    32	 96.71	GKN1-SIMP	Please use the informati...			0 Sources, 0 bytes	Unknown, Apple M1	8	macOS v14.6.1	Mac mini	xx000-os23_Robins-Mac-mini (10.0.0.37)	file:////Users/Shared/Repos/AIDocs_test1/./docs/a11_search-app/25.04.Apr/_t041_qwen2;0.5b_1,1-test on rm231d/a11_t041.01.4.50419.0836_Response.txt
